name,build_time
t1_c1_13r3s12o,1.075937
t1_c1_13r3s12o,1.068953
t1_c1_13r3s12o,0.770373
t1_c1_13r3s12o,0.880831
t1_c1_13r3s12o,0.703446
t1_c1_13r3s12o,0.878443
t1_c1_13r3s12o,0.763488
t1_c1_13r3s12o,0.990880
t1_c1_13r3s12o,1.082434
t1_c1_13r3s12o,1.092525
t1_c1_2r128s1o,1.073791
t1_c1_2r128s1o,0.773470
t1_c1_2r128s1o,0.715078
t1_c1_2r128s1o,0.722198
t1_c1_2r128s1o,0.745284
t1_c1_2r128s1o,0.692046
t1_c1_2r128s1o,0.773703
t1_c1_2r128s1o,1.085885
t1_c1_2r128s1o,1.088607
t1_c1_2r128s1o,1.076118
t1_c1_2r16s1o,0.998160
t1_c1_2r16s1o,0.726869
t1_c1_2r16s1o,0.700541
t1_c1_2r16s1o,0.711601
t1_c1_2r16s1o,0.725017
t1_c1_2r16s1o,0.743133
t1_c1_2r16s1o,0.851718
t1_c1_2r16s1o,1.071027
t1_c1_2r16s1o,1.083086
t1_c1_2r16s1o,1.066323
t1_c1_2r256s1o,0.878359
t1_c1_2r256s1o,0.698148
t1_c1_2r256s1o,0.686301
t1_c1_2r256s1o,0.710399
t1_c1_2r256s1o,0.741300
t1_c1_2r256s1o,0.709092
t1_c1_2r256s1o,1.038590
t1_c1_2r256s1o,1.076285
t1_c1_2r256s1o,1.077840
t1_c1_2r256s1o,1.067105
t1_c1_2r2s1o,0.733847
t1_c1_2r2s1o,0.741272
t1_c1_2r2s1o,0.705830
t1_c1_2r2s1o,0.716537
t1_c1_2r2s1o,0.691672
t1_c1_2r2s1o,0.762027
t1_c1_2r2s1o,1.074437
t1_c1_2r2s1o,1.068141
t1_c1_2r2s1o,1.076755
t1_c1_2r2s1o,0.998667
t1_c1_2r32s1o,0.733350
t1_c1_2r32s1o,0.747577
t1_c1_2r32s1o,0.757476
t1_c1_2r32s1o,0.752902
t1_c1_2r32s1o,0.723617
t1_c1_2r32s1o,0.920700
t1_c1_2r32s1o,1.074781
t1_c1_2r32s1o,1.065120
t1_c1_2r32s1o,1.086161
t1_c1_2r32s1o,0.786634
t1_c1_2r4s1o,0.691094
t1_c1_2r4s1o,0.718123
t1_c1_2r4s1o,0.732130
t1_c1_2r4s1o,0.689406
t1_c1_2r4s1o,0.927583
t1_c1_2r4s1o,1.070930
t1_c1_2r4s1o,1.069747
t1_c1_2r4s1o,1.098130
t1_c1_2r4s1o,0.979911
t1_c1_2r4s1o,0.692511
t1_c1_2r64s1o,0.704057
t1_c1_2r64s1o,0.702249
t1_c1_2r64s1o,0.704144
t1_c1_2r64s1o,0.724556
t1_c1_2r64s1o,0.860698
t1_c1_2r64s1o,1.088921
t1_c1_2r64s1o,1.067023
t1_c1_2r64s1o,1.095236
t1_c1_2r64s1o,0.855807
t1_c1_2r64s1o,0.716278
t1_c1_2r8s1o,0.704910
t1_c1_2r8s1o,0.698157
t1_c1_2r8s1o,0.723804
t1_c1_2r8s1o,0.695557
t1_c1_2r8s1o,0.965537
t1_c1_2r8s1o,1.064057
t1_c1_2r8s1o,1.073455
t1_c1_2r8s1o,1.085515
t1_c1_2r8s1o,1.065096
t1_c1_2r8s1o,1.079812
t1_c1_3r127s1o,1.088147
t1_c1_3r127s1o,1.075083
t1_c1_3r127s1o,0.893160
t1_c1_3r127s1o,0.694486
t1_c1_3r127s1o,0.896072
t1_c1_3r127s1o,0.693397
t1_c1_3r127s1o,0.718964
t1_c1_3r127s1o,0.932062
t1_c1_3r127s1o,1.067152
t1_c1_3r127s1o,1.085381
t1_c1_3r16s1o,1.087641
t1_c1_3r16s1o,0.793823
t1_c1_3r16s1o,0.675872
t1_c1_3r16s1o,0.890698
t1_c1_3r16s1o,0.714848
t1_c1_3r16s1o,0.922282
t1_c1_3r16s1o,0.824722
t1_c1_3r16s1o,1.091641
t1_c1_3r16s1o,1.068871
t1_c1_3r16s1o,1.069729
t1_c1_3r16s2o,0.887030
t1_c1_3r16s2o,0.672938
t1_c1_3r16s2o,0.682239
t1_c1_3r16s2o,0.718193
t1_c1_3r16s2o,0.731661
t1_c1_3r16s2o,0.740698
t1_c1_3r16s2o,0.941807
t1_c1_3r16s2o,1.077147
t1_c1_3r16s2o,1.080023
t1_c1_3r16s2o,1.078777
t1_c1_3r2s1o,0.773473
t1_c1_3r2s1o,0.704145
t1_c1_3r2s1o,0.725200
t1_c1_3r2s1o,0.739290
t1_c1_3r2s1o,0.699899
t1_c1_3r2s1o,0.709807
t1_c1_3r2s1o,1.083492
t1_c1_3r2s1o,1.093530
t1_c1_3r2s1o,1.073502
t1_c1_3r2s1o,1.026557
t1_c1_3r2s1orect,0.728652
t1_c1_3r2s1orect,0.679230
t1_c1_3r2s1orect,0.891092
t1_c1_3r2s1orect,0.908082
t1_c1_3r2s1orect,0.915972
t1_c1_3r2s1orect,1.093097
t1_c1_3r2s1orect,1.095499
t1_c1_3r2s1orect,1.078047
t1_c1_3r2s1orect,1.014779
t1_c1_3r2s1orect,0.682586
t1_c1_3r2s2o,0.886655
t1_c1_3r2s2o,0.682462
t1_c1_3r2s2o,0.702771
t1_c1_3r2s2o,0.732798
t1_c1_3r2s2o,0.932520
t1_c1_3r2s2o,1.089318
t1_c1_3r2s2o,1.076392
t1_c1_3r2s2o,1.078784
t1_c1_3r2s2o,0.767292
t1_c1_3r2s2o,0.686917
t1_c1_3r32s1o,0.744954
t1_c1_3r32s1o,0.697019
t1_c1_3r32s1o,0.687020
t1_c1_3r32s1o,0.842312
t1_c1_3r32s1o,1.080839
t1_c1_3r32s1o,1.087176
t1_c1_3r32s1o,1.092484
t1_c1_3r32s1o,0.992938
t1_c1_3r32s1o,0.685634
t1_c1_3r32s1o,0.673927
t1_c1_3r32s2o,0.766991
t1_c1_3r32s2o,0.727146
t1_c1_3r32s2o,0.738047
t1_c1_3r32s2o,0.842746
t1_c1_3r32s2o,1.079348
t1_c1_3r32s2o,1.093003
t1_c1_3r32s2o,1.080895
t1_c1_3r32s2o,0.950138
t1_c1_3r32s2o,0.682507
t1_c1_3r32s2o,0.880688
t1_c1_3r4s1o,0.691357
t1_c1_3r4s1o,0.695541
t1_c1_3r4s1o,0.919750
t1_c1_3r4s1o,1.064261
t1_c1_3r4s1o,1.077748
t1_c1_3r4s1o,1.081266
t1_c1_3r4s1o,0.944229
t1_c1_3r4s1o,0.687087
t1_c1_3r4s1o,0.693289
t1_c1_3r4s1o,0.687718
t1_c1_3r4s2o,0.700063
t1_c1_3r4s2o,0.694386
t1_c1_3r4s2o,0.813326
t1_c1_3r4s2o,1.090316
t1_c1_3r4s2o,1.074908
t1_c1_3r4s2o,1.065441
t1_c1_3r4s2o,0.880577
t1_c1_3r4s2o,0.687823
t1_c1_3r4s2o,0.735382
t1_c1_3r4s2o,0.672905
t1_c1_3r64s1o,0.684906
t1_c1_3r64s1o,0.692169
t1_c1_3r64s1o,0.916524
t1_c1_3r64s1o,1.075645
t1_c1_3r64s1o,1.070362
t1_c1_3r64s1o,1.080673
t1_c1_3r64s1o,0.929097
t1_c1_3r64s1o,0.668383
t1_c1_3r64s1o,0.724484
t1_c1_3r64s1o,0.708512
t1_c1_3r7s1o,0.724411
t1_c1_3r7s1o,0.672260
t1_c1_3r7s1o,1.034593
t1_c1_3r7s1o,1.078809
t1_c1_3r7s1o,1.096031
t1_c1_3r7s1o,1.046347
t1_c1_3r7s1o,0.715397
t1_c1_3r7s1o,0.885660
t1_c1_3r7s1o,0.672454
t1_c1_3r7s1o,0.724486
t1_c1_3r8s1o,0.697413
t1_c1_3r8s1o,0.872659
t1_c1_3r8s1o,1.076529
t1_c1_3r8s1o,1.076290
t1_c1_3r8s1o,1.090635
t1_c1_3r8s1o,0.842308
t1_c1_3r8s1o,0.739523
t1_c1_3r8s1o,0.876825
t1_c1_3r8s1o,0.687496
t1_c1_3r8s1o,0.892184
t1_c1_3r8s2o,0.757918
t1_c1_3r8s2o,1.085517
t1_c1_3r8s2o,1.077965
t1_c1_3r8s2o,1.092883
t1_c1_3r8s2o,0.947006
t1_c1_3r8s2o,0.700878
t1_c1_3r8s2o,0.720634
t1_c1_3r8s2o,0.691375
t1_c1_3r8s2o,0.876898
t1_c1_3r8s2o,0.885714
t1_c1_4r16s1o,0.728161
t1_c1_4r16s1o,0.704492
t1_c1_4r16s1o,0.726238
t1_c1_4r16s1o,0.689770
t1_c1_4r16s1o,0.881895
t1_c1_4r16s1o,0.867287
t1_c1_4r16s1o,1.073979
t1_c1_4r16s1o,1.074421
t1_c1_4r16s1o,1.078416
t1_c1_4r16s1o,0.859716
t1_c1_4r16s2o,0.697049
t1_c1_4r16s2o,0.704927
t1_c1_4r16s2o,0.714422
t1_c1_4r16s2o,0.724128
t1_c1_4r16s2o,0.714474
t1_c1_4r16s2o,1.054122
t1_c1_4r16s2o,1.078227
t1_c1_4r16s2o,1.075973
t1_c1_4r16s2o,1.077914
t1_c1_4r16s2o,0.858080
t1_c1_4r16s3o,0.670393
t1_c1_4r16s3o,0.869219
t1_c1_4r16s3o,0.692884
t1_c1_4r16s3o,0.717986
t1_c1_4r16s3o,0.820690
t1_c1_4r16s3o,1.091078
t1_c1_4r16s3o,1.075869
t1_c1_4r16s3o,1.076687
t1_c1_4r16s3o,0.886174
t1_c1_4r16s3o,0.665915
t1_c1_4r2s1o,0.721310
t1_c1_4r2s1o,0.684601
t1_c1_4r2s1o,0.725926
t1_c1_4r2s1o,0.882245
t1_c1_4r2s1o,0.892105
t1_c1_4r2s1o,0.883736
t1_c1_4r2s1o,0.715054
t1_c1_4r2s1o,0.728995
t1_c1_4r2s1o,0.886169
t1_c1_4r2s1o,0.885267
t1_c1_4r2s2o,0.887952
t1_c1_4r2s2o,0.675421
t1_c1_4r2s2o,0.691918
t1_c1_4r2s2o,0.691230
t1_c1_4r2s2o,0.850920
t1_c1_4r2s2o,1.075641
t1_c1_4r2s2o,1.079113
t1_c1_4r2s2o,1.092900
t1_c1_4r2s2o,0.870060
t1_c1_4r2s2o,0.667820
t1_c1_4r2s2omixed,0.867782
t1_c1_4r2s2omixed,0.689948
t1_c1_4r2s2omixed,0.684071
t1_c1_4r2s2omixed,0.687701
t1_c1_4r2s2omixed,1.011464
t1_c1_4r2s2omixed,1.073423
t1_c1_4r2s2omixed,1.074082
t1_c1_4r2s2omixed,1.065750
t1_c1_4r2s2omixed,0.697535
t1_c1_4r2s2omixed,0.683161
t1_c1_4r2s3o,0.695477
t1_c1_4r2s3o,0.706508
t1_c1_4r2s3o,0.705947
t1_c1_4r2s3o,0.717367
t1_c1_4r2s3o,1.087739
t1_c1_4r2s3o,1.068138
t1_c1_4r2s3o,1.089065
t1_c1_4r2s3o,1.008195
t1_c1_4r2s3o,0.678810
t1_c1_4r2s3o,0.684638
t1_c1_4r31s2o,0.690608
t1_c1_4r31s2o,0.688710
t1_c1_4r31s2o,0.874672
t1_c1_4r31s2o,0.823951
t1_c1_4r31s2o,1.089262
t1_c1_4r31s2o,1.067674
t1_c1_4r31s2o,1.064532
t1_c1_4r31s2o,0.872623
t1_c1_4r31s2o,0.859206
t1_c1_4r31s2o,0.678479
t1_c1_4r3s1o,0.687581
t1_c1_4r3s1o,0.706670
t1_c1_4r3s1o,0.679176
t1_c1_4r3s1o,0.979418
t1_c1_4r3s1o,1.090992
t1_c1_4r3s1o,1.069130
t1_c1_4r3s1o,1.066704
t1_c1_4r3s1o,0.863497
t1_c1_4r3s1o,0.666311
t1_c1_4r3s1o,0.673573
t1_c1_4r3s2o,0.680173
t1_c1_4r3s2o,0.696108
t1_c1_4r3s2o,0.718745
t1_c1_4r3s2o,1.067294
t1_c1_4r3s2o,1.074668
t1_c1_4r3s2o,1.076843
t1_c1_4r3s2o,1.020135
t1_c1_4r3s2o,0.662855
t1_c1_4r3s2o,0.860118
t1_c1_4r3s2o,0.701654
t1_c1_4r4s1o,0.668428
t1_c1_4r4s1o,0.696087
t1_c1_4r4s1o,0.809557
t1_c1_4r4s1o,1.070115
t1_c1_4r4s1o,1.075097
t1_c1_4r4s1o,1.069912
t1_c1_4r4s1o,0.880382
t1_c1_4r4s1o,0.693175
t1_c1_4r4s1o,0.873395
t1_c1_4r4s1o,0.880734
t1_c1_4r4s2o,0.696978
t1_c1_4r4s2o,0.687267
t1_c1_4r4s2o,1.073746
t1_c1_4r4s2o,1.066715
t1_c1_4r4s2o,1.066227
t1_c1_4r4s2o,1.018949
t1_c1_4r4s2o,0.673349
t1_c1_4r4s2o,0.687400
t1_c1_4r4s2o,0.688023
t1_c1_4r4s2o,0.683234
t1_c1_4r4s3o,0.694198
t1_c1_4r4s3o,0.755327
t1_c1_4r4s3o,1.070964
t1_c1_4r4s3o,1.089192
t1_c1_4r4s3o,1.090267
t1_c1_4r4s3o,0.977535
t1_c1_4r4s3o,0.664455
t1_c1_4r4s3o,0.693659
t1_c1_4r4s3o,0.703426
t1_c1_4r4s3o,0.714324
t1_c1_4r7s1o,0.712469
t1_c1_4r7s1o,0.868504
t1_c1_4r7s1o,0.701366
t1_c1_4r7s1o,0.840671
t1_c1_4r7s1o,0.672058
t1_c1_4r7s1o,0.868746
t1_c1_4r7s1o,0.855431
t1_c1_4r7s1o,0.871871
t1_c1_4r7s1o,0.685062
t1_c1_4r7s1o,0.705710
t1_c1_4r7s2o,0.719808
t1_c1_4r7s2o,0.686526
t1_c1_4r7s2o,0.948819
t1_c1_4r7s2o,1.071394
t1_c1_4r7s2o,1.085386
t1_c1_4r7s2o,1.087821
t1_c1_4r7s2o,0.878746
t1_c1_4r7s2o,0.696471
t1_c1_4r7s2o,0.694236
t1_c1_4r7s2o,0.694701
t1_c1_4r8s1o,0.704158
t1_c1_4r8s1o,0.726671
t1_c1_4r8s1o,1.086271
t1_c1_4r8s1o,1.089723
t1_c1_4r8s1o,1.068125
t1_c1_4r8s1o,0.988380
t1_c1_4r8s1o,0.856574
t1_c1_4r8s1o,0.670977
t1_c1_4r8s1o,0.684262
t1_c1_4r8s1o,0.682524
t1_c1_4r8s1operm,0.728525
t1_c1_4r8s1operm,0.856513
t1_c1_4r8s1operm,1.088143
t1_c1_4r8s1operm,1.070703
t1_c1_4r8s1operm,1.089148
t1_c1_4r8s1operm,0.925903
t1_c1_4r8s1operm,0.679286
t1_c1_4r8s1operm,0.703709
t1_c1_4r8s1operm,0.677835
t1_c1_4r8s1operm,0.716280
t1_c1_4r8s1operm2,0.692168
t1_c1_4r8s1operm2,1.027858
t1_c1_4r8s1operm2,1.074687
t1_c1_4r8s1operm2,1.091991
t1_c1_4r8s1operm2,1.071853
t1_c1_4r8s1operm2,0.690180
t1_c1_4r8s1operm2,0.688663
t1_c1_4r8s1operm2,0.684883
t1_c1_4r8s1operm2,0.717509
t1_c1_4r8s1operm2,0.687723
t1_c1_4r8s2o,0.702120
t1_c1_4r8s2o,1.042605
t1_c1_4r8s2o,1.087092
t1_c1_4r8s2o,1.079551
t1_c1_4r8s2o,1.049663
t1_c1_4r8s2o,0.836482
t1_c1_4r8s2o,0.680067
t1_c1_4r8s2o,0.674610
t1_c1_4r8s2o,0.669860
t1_c1_4r8s2o,0.700683
t1_c1_4r8s3o,0.783508
t1_c1_4r8s3o,1.087929
t1_c1_4r8s3o,1.067442
t1_c1_4r8s3o,1.086706
t1_c1_4r8s3o,0.913783
t1_c1_4r8s3o,0.686761
t1_c1_4r8s3o,0.861746
t1_c1_4r8s3o,0.874674
t1_c1_4r8s3o,0.677729
t1_c1_4r8s3o,0.685917
t1_c1_5r15s2o,1.027779
t1_c1_5r15s2o,1.074527
t1_c1_5r15s2o,1.070143
t1_c1_5r15s2o,1.070496
t1_c1_5r15s2o,0.689019
t1_c1_5r15s2o,0.711951
t1_c1_5r15s2o,0.708359
t1_c1_5r15s2o,0.706288
t1_c1_5r15s2o,0.877070
t1_c1_5r15s2o,0.838174
t1_c1_5r16s1o,1.074675
t1_c1_5r16s1o,1.094158
t1_c1_5r16s1o,1.066986
t1_c1_5r16s1o,0.876865
t1_c1_5r16s1o,0.665685
t1_c1_5r16s1o,0.706505
t1_c1_5r16s1o,0.719692
t1_c1_5r16s1o,0.685779
t1_c1_5r16s1o,0.715485
t1_c1_5r16s1o,0.940886
t1_c1_5r16s2o,1.076101
t1_c1_5r16s2o,1.069177
t1_c1_5r16s2o,1.086874
t1_c1_5r16s2o,0.773102
t1_c1_5r16s2o,0.679981
t1_c1_5r16s2o,0.855902
t1_c1_5r16s2o,0.869846
t1_c1_5r16s2o,0.681244
t1_c1_5r16s2o,0.798266
t1_c1_5r16s2o,1.079007
t1_c1_5r2s1o,1.079807
t1_c1_5r2s1o,1.091303
t1_c1_5r2s1o,0.924399
t1_c1_5r2s1o,0.703462
t1_c1_5r2s1o,0.861281
t1_c1_5r2s1o,0.673045
t1_c1_5r2s1o,0.860349
t1_c1_5r2s1o,0.881180
t1_c1_5r2s1o,0.704567
t1_c1_5r2s1o,0.751620
t1_c1_5r2s2o,0.696436
t1_c1_5r2s2o,0.705835
t1_c1_5r2s2o,0.690061
t1_c1_5r2s2o,0.862958
t1_c1_5r2s2o,0.684389
t1_c1_5r2s2o,0.696593
t1_c1_5r2s2o,0.858984
t1_c1_5r2s2o,0.712978
t1_c1_5r2s2o,0.688764
t1_c1_5r2s2o,1.037065
t1_c1_5r2s3o,1.080957
t1_c1_5r2s3o,1.088314
t1_c1_5r2s3o,1.071894
t1_c1_5r2s3o,0.679281
t1_c1_5r2s3o,0.857564
t1_c1_5r2s3o,0.665017
t1_c1_5r2s3o,0.679910
t1_c1_5r2s3o,0.863236
t1_c1_5r2s3o,0.877962
t1_c1_5r2s3o,1.085014
t1_c1_5r2s4o,1.099568
t1_c1_5r2s4o,1.076095
t1_c1_5r2s4o,0.816134
t1_c1_5r2s4o,0.852616
t1_c1_5r2s4o,0.670861
t1_c1_5r2s4o,0.682547
t1_c1_5r2s4o,0.691647
t1_c1_5r2s4o,0.671490
t1_c1_5r2s4o,0.985594
t1_c1_5r2s4o,1.088088
t1_c1_5r3s1o,1.091684
t1_c1_5r3s1o,1.079720
t1_c1_5r3s1o,0.862948
t1_c1_5r3s1o,0.881337
t1_c1_5r3s1o,0.911943
t1_c1_5r3s1o,0.676148
t1_c1_5r3s1o,0.680990
t1_c1_5r3s1o,0.966494
t1_c1_5r3s1o,1.076615
t1_c1_5r3s1o,1.076058
t1_c1_5r3s2o,1.091953
t1_c1_5r3s2o,0.715871
t1_c1_5r3s2o,0.681207
t1_c1_5r3s2o,0.680513
t1_c1_5r3s2o,0.681533
t1_c1_5r3s2o,0.691299
t1_c1_5r3s2o,0.686951
t1_c1_5r3s2o,0.996962
t1_c1_5r3s2o,1.090500
t1_c1_5r3s2o,1.070500
t1_c1_5r3s3o,1.101267
t1_c1_5r3s3o,0.683845
t1_c1_5r3s3o,0.711220
t1_c1_5r3s3o,0.700067
t1_c1_5r3s3o,0.677396
t1_c1_5r3s3o,0.702097
t1_c1_5r3s3o,0.716216
t1_c1_5r3s3o,1.066535
t1_c1_5r3s3o,1.081198
t1_c1_5r3s3o,1.089989
t1_c1_5r3s4o,1.034313
t1_c1_5r3s4o,0.676674
t1_c1_5r3s4o,0.677595
t1_c1_5r3s4o,0.699673
t1_c1_5r3s4o,0.686727
t1_c1_5r3s4o,0.860982
t1_c1_5r3s4o,0.832575
t1_c1_5r3s4o,1.086909
t1_c1_5r3s4o,1.067748
t1_c1_5r3s4o,1.071451
t1_c1_5r4s1o,0.861512
t1_c1_5r4s1o,0.677792
t1_c1_5r4s1o,0.696408
t1_c1_5r4s1o,0.675945
t1_c1_5r4s1o,0.694025
t1_c1_5r4s1o,0.677532
t1_c1_5r4s1o,0.867607
t1_c1_5r4s1o,1.089861
t1_c1_5r4s1o,1.076786
t1_c1_5r4s1o,1.078748
t1_c1_5r4s1ostride,0.824894
t1_c1_5r4s1ostride,0.694428
t1_c1_5r4s1ostride,0.685523
t1_c1_5r4s1ostride,0.698097
t1_c1_5r4s1ostride,0.680057
t1_c1_5r4s1ostride,0.859481
t1_c1_5r4s1ostride,0.875185
t1_c1_5r4s1ostride,0.673014
t1_c1_5r4s1ostride,0.863392
t1_c1_5r4s1ostride,0.681077
t1_c1_5r4s2o,0.699800
t1_c1_5r4s2o,0.813572
t1_c1_5r4s2o,1.066386
t1_c1_5r4s2o,1.102274
t1_c1_5r4s2o,1.091327
t1_c1_5r4s2o,0.866959
t1_c1_5r4s2o,0.689109
t1_c1_5r4s2o,0.699847
t1_c1_5r4s2o,0.689530
t1_c1_5r4s2o,0.699146
t1_c1_5r4s2operm,0.695020
t1_c1_5r4s2operm,0.917159
t1_c1_5r4s2operm,1.083786
t1_c1_5r4s2operm,1.092152
t1_c1_5r4s2operm,1.077245
t1_c1_5r4s2operm,0.792709
t1_c1_5r4s2operm,0.680947
t1_c1_5r4s2operm,0.663724
t1_c1_5r4s2operm,0.683360
t1_c1_5r4s2operm,0.687359
t1_c1_5r4s3o,0.724550
t1_c1_5r4s3o,0.969995
t1_c1_5r4s3o,1.075856
t1_c1_5r4s3o,1.068399
t1_c1_5r4s3o,1.090166
t1_c1_5r4s3o,1.080494
t1_c1_5r4s3o,1.088769
t1_c1_5r4s3o,1.081586
t1_c1_5r4s3o,1.068173
t1_c1_5r4s3o,0.662654
t1_c1_5r4s4o,0.690548
t1_c1_5r4s4o,0.678932
t1_c1_5r4s4o,0.668933
t1_c1_5r4s4o,0.682359
t1_c1_5r4s4o,0.689815
t1_c1_5r4s4o,1.036994
t1_c1_5r4s4o,1.063897
t1_c1_5r4s4o,1.071324
t1_c1_5r4s4o,1.065375
t1_c1_5r4s4o,1.066158
t1_c1_5r7s2o,1.064043
t1_c1_5r7s2o,1.066718
t1_c1_5r7s2o,1.039515
t1_c1_5r7s2o,0.668101
t1_c1_5r7s2o,0.680256
t1_c1_5r7s2o,0.705078
t1_c1_5r7s2o,0.684389
t1_c1_5r7s2o,0.680555
t1_c1_5r7s2o,0.754651
t1_c1_5r7s2o,1.073450
t1_c1_5r8s1o,1.095603
t1_c1_5r8s1o,1.075279
t1_c1_5r8s1o,0.993922
t1_c1_5r8s1o,0.673457
t1_c1_5r8s1o,0.686336
t1_c1_5r8s1o,0.680097
t1_c1_5r8s1o,0.684840
t1_c1_5r8s1o,0.854553
t1_c1_5r8s1o,0.861505
t1_c1_5r8s1o,1.080175
t1_c1_5r8s2o,1.080948
t1_c1_5r8s2o,1.070447
t1_c1_5r8s2o,0.837688
t1_c1_5r8s2o,0.691420
t1_c1_5r8s2o,0.683022
t1_c1_5r8s2o,0.683328
t1_c1_5r8s2o,0.714382
t1_c1_5r8s2o,0.662012
t1_c1_5r8s2o,0.944376
t1_c1_5r8s2o,1.078344
t1_c1_5r8s3o,1.083799
t1_c1_5r8s3o,1.076146
t1_c1_5r8s3o,0.779318
t1_c1_5r8s3o,0.677909
t1_c1_5r8s3o,0.697282
t1_c1_5r8s3o,0.709115
t1_c1_5r8s3o,0.867926
t1_c1_5r8s3o,0.720268
t1_c1_5r8s3o,1.067489
t1_c1_5r8s3o,1.087458
t1_c1_5r8s4o,1.109166
t1_c1_5r8s4o,0.977449
t1_c1_5r8s4o,0.696851
t1_c1_5r8s4o,0.679264
t1_c1_5r8s4o,0.684287
t1_c1_5r8s4o,0.722281
t1_c1_5r8s4o,0.685379
t1_c1_5r8s4o,0.808628
t1_c1_5r8s4o,1.100383
t1_c1_5r8s4o,1.080920
t1_c1_6r15s3o,1.100452
t1_c1_6r15s3o,0.900012
t1_c1_6r15s3o,0.687624
t1_c1_6r15s3o,0.705457
t1_c1_6r15s3o,0.684276
t1_c1_6r15s3o,0.701859
t1_c1_6r15s3o,0.695628
t1_c1_6r15s3o,0.902424
t1_c1_6r15s3o,1.085318
t1_c1_6r15s3o,1.090446
t1_c1_6r16s5o,1.088061
t1_c1_6r16s5o,0.805191
t1_c1_6r16s5o,0.856456
t1_c1_6r16s5o,0.683146
t1_c1_6r16s5o,0.691121
t1_c1_6r16s5o,0.701863
t1_c1_6r16s5o,0.857093
t1_c1_6r16s5o,0.703508
t1_c1_6r16s5o,0.864822
t1_c1_6r16s5o,0.685576
t1_c1_6r2s1o,0.703725
t1_c1_6r2s1o,0.692841
t1_c1_6r2s1o,0.895330
t1_c1_6r2s1o,1.089214
t1_c1_6r2s1o,1.075240
t1_c1_6r2s1o,1.097965
t1_c1_6r2s1o,0.786231
t1_c1_6r2s1o,0.846617
t1_c1_6r2s1o,0.693784
t1_c1_6r2s1o,0.678265
t1_c1_6r2s2o,0.693376
t1_c1_6r2s2o,0.677913
t1_c1_6r2s2o,1.047447
t1_c1_6r2s2o,1.075864
t1_c1_6r2s2o,1.068707
t1_c1_6r2s2o,1.086664
t1_c1_6r2s2o,0.697578
t1_c1_6r2s2o,0.677412
t1_c1_6r2s2o,0.715792
t1_c1_6r2s2o,0.662570
t1_c1_6r2s3o,0.697181
t1_c1_6r2s3o,0.699315
t1_c1_6r2s3o,1.078780
t1_c1_6r2s3o,1.068054
t1_c1_6r2s3o,1.067083
t1_c1_6r2s3o,1.005459
t1_c1_6r2s3o,0.676191
t1_c1_6r2s3o,0.696261
t1_c1_6r2s3o,0.681968
t1_c1_6r2s3o,0.666232
t1_c1_6r2s5o,0.681252
t1_c1_6r2s5o,0.701169
t1_c1_6r2s5o,1.065118
t1_c1_6r2s5o,1.087346
t1_c1_6r2s5o,1.081858
t1_c1_6r2s5o,0.994467
t1_c1_6r2s5o,0.832329
t1_c1_6r2s5o,0.694394
t1_c1_6r2s5o,0.689264
t1_c1_6r2s5o,0.698183
t1_c1_6r3s1o,0.683844
t1_c1_6r3s1o,0.859424
t1_c1_6r3s1o,1.066307
t1_c1_6r3s1o,1.078110
t1_c1_6r3s1o,1.075428
t1_c1_6r3s1o,0.835691
t1_c1_6r3s1o,0.716567
t1_c1_6r3s1o,0.889559
t1_c1_6r3s1o,0.694540
t1_c1_6r3s1o,0.872781
t1_c1_6r3s2o,0.739529
t1_c1_6r3s2o,1.076042
t1_c1_6r3s2o,1.068096
t1_c1_6r3s2o,1.086772
t1_c1_6r3s2o,0.958223
t1_c1_6r3s2o,0.682763
t1_c1_6r3s2o,0.688949
t1_c1_6r3s2o,0.667671
t1_c1_6r3s2o,0.686631
t1_c1_6r3s2o,0.698804
t1_c1_6r3s3o,0.863357
t1_c1_6r3s3o,0.677510
t1_c1_6r3s3o,0.665296
t1_c1_6r3s3o,0.674671
t1_c1_6r3s3o,0.685351
t1_c1_6r3s3o,0.713561
t1_c1_6r3s3o,0.869218
t1_c1_6r3s3o,0.697388
t1_c1_6r3s3o,0.878385
t1_c1_6r3s3o,0.681939
t1_c1_6r4s1o,0.687103
t1_c1_6r4s1o,0.858414
t1_c1_6r4s1o,0.662937
t1_c1_6r4s1o,0.687871
t1_c1_6r4s1o,0.866630
t1_c1_6r4s1o,0.887267
t1_c1_6r4s1o,0.681338
t1_c1_6r4s1o,0.987461
t1_c1_6r4s1o,1.077997
t1_c1_6r4s1o,1.075831
t1_c1_6r4s2o,1.090769
t1_c1_6r4s2o,0.853962
t1_c1_6r4s2o,0.681680
t1_c1_6r4s2o,0.707259
t1_c1_6r4s2o,0.706797
t1_c1_6r4s2o,0.694925
t1_c1_6r4s2o,0.860322
t1_c1_6r4s2o,0.705517
t1_c1_6r4s2o,0.882445
t1_c1_6r4s2o,0.706174
t1_c1_6r4s2ostride,0.693380
t1_c1_6r4s2ostride,0.684772
t1_c1_6r4s2ostride,0.974132
t1_c1_6r4s2ostride,1.078585
t1_c1_6r4s2ostride,1.072556
t1_c1_6r4s2ostride,1.088053
t1_c1_6r4s2ostride,0.724618
t1_c1_6r4s2ostride,0.692867
t1_c1_6r4s2ostride,0.662940
t1_c1_6r4s2ostride,0.697421
t1_c1_6r4s3o,0.696484
t1_c1_6r4s3o,0.701874
t1_c1_6r4s3o,1.018973
t1_c1_6r4s3o,1.066355
t1_c1_6r4s3o,1.066387
t1_c1_6r4s3o,1.068275
t1_c1_6r4s3o,0.711080
t1_c1_6r4s3o,0.711076
t1_c1_6r4s3o,0.682298
t1_c1_6r4s3o,0.678357
t1_c1_6r4s5o,0.710209
t1_c1_6r4s5o,0.745194
t1_c1_6r4s5o,1.091319
t1_c1_6r4s5o,1.068169
t1_c1_6r4s5o,1.068460
t1_c1_6r4s5o,0.998763
t1_c1_6r4s5o,0.684400
t1_c1_6r4s5o,0.699004
t1_c1_6r4s5o,0.664734
t1_c1_6r4s5o,0.718824
t1_c1_6r5s1o,0.710226
t1_c1_6r5s1o,0.784441
t1_c1_6r5s1o,1.090678
t1_c1_6r5s1o,1.076088
t1_c1_6r5s1o,1.079958
t1_c1_6r5s1o,0.938260
t1_c1_6r5s1o,0.693486
t1_c1_6r5s1o,0.666228
t1_c1_6r5s1o,0.705025
t1_c1_6r5s1o,0.698810
t1_c1_6r5s2o,0.721930
t1_c1_6r5s2o,0.826175
t1_c1_6r5s2o,1.091005
t1_c1_6r5s2o,1.069338
t1_c1_6r5s2o,1.095973
t1_c1_6r5s2o,0.847321
t1_c1_6r5s2o,0.698584
t1_c1_6r5s2o,0.664958
t1_c1_6r5s2o,0.696255
t1_c1_6r5s2o,0.676778
t1_c1_6r5s3o,0.693394
t1_c1_6r5s3o,0.909450
t1_c1_6r5s3o,1.088150
t1_c1_6r5s3o,1.075032
t1_c1_6r5s3o,1.092713
t1_c1_6r5s3o,0.783646
t1_c1_6r5s3o,0.688609
t1_c1_6r5s3o,0.664448
t1_c1_6r5s3o,0.685474
t1_c1_6r5s3o,0.717606
t1_c1_6r7s3o,0.665780
t1_c1_6r7s3o,0.934695
t1_c1_6r7s3o,1.084750
t1_c1_6r7s3o,1.076782
t1_c1_6r7s3o,1.092729
t1_c1_6r7s3o,0.757142
t1_c1_6r7s3o,0.697185
t1_c1_6r7s3o,0.702892
t1_c1_6r7s3o,0.668261
t1_c1_6r7s3o,0.862540
t1_c1_6r8s2o,0.686429
t1_c1_6r8s2o,1.086484
t1_c1_6r8s2o,1.083775
t1_c1_6r8s2o,1.079878
t1_c1_6r8s2o,1.017905
t1_c1_6r8s2o,0.836329
t1_c1_6r8s2o,0.698993
t1_c1_6r8s2o,0.683414
t1_c1_6r8s2o,0.857580
t1_c1_6r8s2o,0.869048
t1_c1_6r8s3o,1.048644
t1_c1_6r8s3o,1.083325
t1_c1_6r8s3o,1.087611
t1_c1_6r8s3o,1.059398
t1_c1_6r8s3o,0.657986
t1_c1_6r8s3o,0.669011
t1_c1_6r8s3o,0.853953
t1_c1_6r8s3o,0.681088
t1_c1_6r8s3o,0.677497
t1_c1_6r8s3o,0.787088
t1_c1_6r8s5o,1.097809
t1_c1_6r8s5o,1.079693
t1_c1_6r8s5o,1.086578
t1_c1_6r8s5o,0.922956
t1_c1_6r8s5o,0.697720
t1_c1_6r8s5o,0.662347
t1_c1_6r8s5o,0.702175
t1_c1_6r8s5o,0.714134
t1_c1_6r8s5o,0.704546
t1_c1_6r8s5o,0.867660
t1_c1_7r4s6o,1.076639
t1_c1_7r4s6o,1.091355
t1_c1_7r4s6o,1.078121
t1_c1_7r4s6o,0.833881
t1_c1_7r4s6o,0.687059
t1_c1_7r4s6o,0.847619
t1_c1_7r4s6o,0.700107
t1_c1_7r4s6o,0.870539
t1_c1_7r4s6o,0.868521
t1_c1_7r4s6o,0.694733
t1_c1_8r2s7o,0.700926
t1_c1_8r2s7o,0.866504
t1_c1_8r2s7o,0.685695
t1_c1_8r2s7o,0.687501
t1_c1_8r2s7o,0.925793
t1_c1_8r2s7o,1.085093
t1_c1_8r2s7o,1.072264
t1_c1_8r2s7o,1.096006
t1_c1_8r2s7o,0.772734
t1_c1_8r2s7o,0.689043
t1_c1_8r4s7o,0.675562
t1_c1_8r4s7o,0.708743
t1_c1_8r4s7o,0.714346
t1_c1_8r4s7o,0.878495
t1_c1_8r4s7o,0.872581
t1_c1_8r4s7o,0.871328
t1_c1_8r4s7o,0.854679
t1_c1_8r4s7o,0.872621
t1_c1_8r4s7o,0.694664
t1_c1_8r4s7o,1.086105
t1_c1_8r8s7o,1.090830
t1_c1_8r8s7o,1.097884
t1_c1_8r8s7o,0.988578
t1_c1_8r8s7o,0.680756
t1_c1_8r8s7o,0.698428
t1_c1_8r8s7o,0.696957
t1_c1_8r8s7o,0.683976
t1_c1_8r8s7o,0.704726
t1_c1_8r8s7o,0.789698
t1_c1_8r8s7o,1.089104
t1_c1_rect0,1.066867
t1_c1_rect0,1.086842
t1_c1_rect0,0.920019
t1_c1_rect0,0.676154
t1_c1_rect0,0.686056
t1_c1_rect0,0.697730
t1_c1_rect0,0.679928
t1_c1_rect0,0.686271
t1_c1_rect0,0.846245
t1_c1_rect0,1.066854
t1_c1_rect1,1.091973
t1_c1_rect1,1.087080
t1_c1_rect1,0.852517
t1_c1_rect1,0.693813
t1_c1_rect1,0.682008
t1_c1_rect1,0.668831
t1_c1_rect1,0.707259
t1_c1_rect1,0.683565
t1_c1_rect1,0.881236
t1_c1_rect1,1.087666
t2_c1_13r3s12o,1.079238
t2_c1_13r3s12o,1.063805
t2_c1_13r3s12o,0.812527
t2_c1_13r3s12o,0.686817
t2_c1_13r3s12o,0.674516
t2_c1_13r3s12o,0.660882
t2_c1_13r3s12o,0.670755
t2_c1_13r3s12o,0.684350
t2_c1_13r3s12o,0.861131
t2_c1_13r3s12o,1.054790
t2_c1_2r128s1o,1.049266
t2_c1_2r128s1o,1.055161
t2_c1_2r128s1o,0.830435
t2_c1_2r128s1o,0.671019
t2_c1_2r128s1o,0.693320
t2_c1_2r128s1o,0.652933
t2_c1_2r128s1o,0.692852
t2_c1_2r128s1o,0.680588
t2_c1_2r128s1o,0.837602
t2_c1_2r128s1o,1.007529
t2_c1_2r16s1o,1.023074
t2_c1_2r16s1o,1.008859
t2_c1_2r16s1o,0.925065
t2_c1_2r16s1o,0.818807
t2_c1_2r16s1o,0.653585
t2_c1_2r16s1o,0.663838
t2_c1_2r16s1o,0.648642
t2_c1_2r16s1o,0.668553
t2_c1_2r16s1o,0.763371
t2_c1_2r16s1o,1.024073
t2_c1_2r256s1o,1.010354
t2_c1_2r256s1o,1.028534
t2_c1_2r256s1o,0.914626
t2_c1_2r256s1o,0.639433
t2_c1_2r256s1o,0.798956
t2_c1_2r256s1o,0.696355
t2_c1_2r256s1o,0.835311
t2_c1_2r256s1o,0.625852
t2_c1_2r256s1o,0.798752
t2_c1_2r256s1o,1.026323
t2_c1_2r2s1o,1.023735
t2_c1_2r2s1o,1.017864
t2_c1_2r2s1o,0.879339
t2_c1_2r2s1o,0.643870
t2_c1_2r2s1o,0.644319
t2_c1_2r2s1o,0.634568
t2_c1_2r2s1o,0.658827
t2_c1_2r2s1o,0.663236
t2_c1_2r2s1o,0.655153
t2_c1_2r2s1o,0.993900
t2_c1_2r32s1o,1.015136
t2_c1_2r32s1o,1.019850
t2_c1_2r32s1o,1.029803
t2_c1_2r32s1o,0.807004
t2_c1_2r32s1o,0.651839
t2_c1_2r32s1o,0.665777
t2_c1_2r32s1o,0.648511
t2_c1_2r32s1o,0.675962
t2_c1_2r32s1o,0.626998
t2_c1_2r32s1o,0.910790
t2_c1_2r4s1o,1.020456
t2_c1_2r4s1o,1.011805
t2_c1_2r4s1o,1.028879
t2_c1_2r4s1o,0.780027
t2_c1_2r4s1o,0.800792
t2_c1_2r4s1o,0.658571
t2_c1_2r4s1o,0.656806
t2_c1_2r4s1o,0.823816
t2_c1_2r4s1o,0.624250
t2_c1_2r4s1o,0.922534
t2_c1_2r64s1o,1.024953
t2_c1_2r64s1o,1.011997
t2_c1_2r64s1o,1.014273
t2_c1_2r64s1o,0.773757
t2_c1_2r64s1o,0.638913
t2_c1_2r64s1o,0.652842
t2_c1_2r64s1o,0.629680
t2_c1_2r64s1o,0.645902
t2_c1_2r64s1o,0.806489
t2_c1_2r64s1o,0.837794
t2_c1_2r8s1o,1.014207
t2_c1_2r8s1o,1.006285
t2_c1_2r8s1o,1.020409
t2_c1_2r8s1o,0.907964
t2_c1_2r8s1o,0.644525
t2_c1_2r8s1o,0.696579
t2_c1_2r8s1o,0.639041
t2_c1_2r8s1o,0.806139
t2_c1_2r8s1o,0.645024
t2_c1_2r8s1o,0.767431
t2_c1_3r127s1o,1.037398
t2_c1_3r127s1o,1.011699
t2_c1_3r127s1o,1.019412
t2_c1_3r127s1o,0.905965
t2_c1_3r127s1o,0.662052
t2_c1_3r127s1o,0.658832
t2_c1_3r127s1o,0.641985
t2_c1_3r127s1o,0.658733
t2_c1_3r127s1o,0.649697
t2_c1_3r127s1o,0.669039
t2_c1_3r16s1o,0.991780
t2_c1_3r16s1o,1.026402
t2_c1_3r16s1o,1.033965
t2_c1_3r16s1o,1.025410
t2_c1_3r16s1o,0.704895
t2_c1_3r16s1o,0.644865
t2_c1_3r16s1o,0.803698
t2_c1_3r16s1o,0.640890
t2_c1_3r16s1o,0.659926
t2_c1_3r16s1o,0.638644
t2_c1_3r16s2o,0.946887
t2_c1_3r16s2o,1.013473
t2_c1_3r16s2o,1.021023
t2_c1_3r16s2o,1.035530
t2_c1_3r16s2o,0.760566
t2_c1_3r16s2o,0.655790
t2_c1_3r16s2o,0.627706
t2_c1_3r16s2o,0.638018
t2_c1_3r16s2o,0.635270
t2_c1_3r16s2o,0.810559
t2_c1_3r2s1o,0.861919
t2_c1_3r2s1o,1.032347
t2_c1_3r2s1o,1.035366
t2_c1_3r2s1o,1.033124
t2_c1_3r2s1o,0.835624
t2_c1_3r2s1o,0.796366
t2_c1_3r2s1o,0.651418
t2_c1_3r2s1o,0.651068
t2_c1_3r2s1o,0.814250
t2_c1_3r2s1o,0.627078
t2_c1_3r2s1orect,0.856704
t2_c1_3r2s1orect,1.020354
t2_c1_3r2s1orect,1.020862
t2_c1_3r2s1orect,1.032770
t2_c1_3r2s1orect,0.825886
t2_c1_3r2s1orect,0.633828
t2_c1_3r2s1orect,0.651471
t2_c1_3r2s1orect,0.804498
t2_c1_3r2s1orect,0.825773
t2_c1_3r2s1orect,0.646083
t2_c1_3r2s2o,0.892530
t2_c1_3r2s2o,1.025232
t2_c1_3r2s2o,1.029331
t2_c1_3r2s2o,1.030470
t2_c1_3r2s2o,0.818108
t2_c1_3r2s2o,0.669894
t2_c1_3r2s2o,0.812247
t2_c1_3r2s2o,0.646062
t2_c1_3r2s2o,0.812473
t2_c1_3r2s2o,0.823559
t2_c1_3r32s1o,0.628563
t2_c1_3r32s1o,0.648079
t2_c1_3r32s1o,0.651612
t2_c1_3r32s1o,0.809577
t2_c1_3r32s1o,0.661005
t2_c1_3r32s1o,0.810446
t2_c1_3r32s1o,0.670448
t2_c1_3r32s1o,0.799862
t2_c1_3r32s1o,0.642613
t2_c1_3r32s1o,0.822762
t2_c1_3r32s2o,0.692323
t2_c1_3r32s2o,0.808964
t2_c1_3r32s2o,1.013324
t2_c1_3r32s2o,1.021700
t2_c1_3r32s2o,1.021627
t2_c1_3r32s2o,0.905694
t2_c1_3r32s2o,0.628977
t2_c1_3r32s2o,0.637918
t2_c1_3r32s2o,0.637525
t2_c1_3r32s2o,0.666719
t2_c1_3r4s1o,0.645755
t2_c1_3r4s1o,0.637699
t2_c1_3r4s1o,0.976298
t2_c1_3r4s1o,1.032758
t2_c1_3r4s1o,1.016568
t2_c1_3r4s1o,1.024156
t2_c1_3r4s1o,0.722645
t2_c1_3r4s1o,0.818915
t2_c1_3r4s1o,0.641651
t2_c1_3r4s1o,0.662395
t2_c1_3r4s2o,0.680125
t2_c1_3r4s2o,0.650504
t2_c1_3r4s2o,0.901825
t2_c1_3r4s2o,1.022394
t2_c1_3r4s2o,1.016913
t2_c1_3r4s2o,1.012990
t2_c1_3r4s2o,0.811296
t2_c1_3r4s2o,0.648293
t2_c1_3r4s2o,0.661779
t2_c1_3r4s2o,0.663378
t2_c1_3r64s1o,0.633778
t2_c1_3r64s1o,0.659118
t2_c1_3r64s1o,0.761028
t2_c1_3r64s1o,1.018047
t2_c1_3r64s1o,1.026501
t2_c1_3r64s1o,1.030274
t2_c1_3r64s1o,0.942899
t2_c1_3r64s1o,0.653871
t2_c1_3r64s1o,0.664139
t2_c1_3r64s1o,0.722275
t2_c1_3r7s1o,0.659547
t2_c1_3r7s1o,0.834291
t2_c1_3r7s1o,0.761919
t2_c1_3r7s1o,1.021853
t2_c1_3r7s1o,1.018194
t2_c1_3r7s1o,1.022503
t2_c1_3r7s1o,0.939754
t2_c1_3r7s1o,0.792552
t2_c1_3r7s1o,0.637447
t2_c1_3r7s1o,0.808014
t2_c1_3r8s1o,0.672427
t2_c1_3r8s1o,0.829562
t2_c1_3r8s1o,0.869287
t2_c1_3r8s1o,1.012762
t2_c1_3r8s1o,1.012796
t2_c1_3r8s1o,1.034455
t2_c1_3r8s1o,0.825689
t2_c1_3r8s1o,0.656242
t2_c1_3r8s1o,0.649889
t2_c1_3r8s1o,0.650195
t2_c1_3r8s2o,0.653295
t2_c1_3r8s2o,0.671959
t2_c1_3r8s2o,0.826818
t2_c1_3r8s2o,0.800980
t2_c1_3r8s2o,0.640509
t2_c1_3r8s2o,0.648354
t2_c1_3r8s2o,0.665073
t2_c1_3r8s2o,0.658703
t2_c1_3r8s2o,0.786974
t2_c1_3r8s2o,1.019783
t2_c1_4r16s1o,1.016414
t2_c1_4r16s1o,1.023650
t2_c1_4r16s1o,0.909836
t2_c1_4r16s1o,0.647170
t2_c1_4r16s1o,0.672143
t2_c1_4r16s1o,0.678577
t2_c1_4r16s1o,0.662494
t2_c1_4r16s1o,0.674805
t2_c1_4r16s1o,0.690157
t2_c1_4r16s1o,1.027120
t2_c1_4r16s2o,1.016866
t2_c1_4r16s2o,1.017006
t2_c1_4r16s2o,1.019104
t2_c1_4r16s2o,0.628023
t2_c1_4r16s2o,0.661496
t2_c1_4r16s2o,0.814796
t2_c1_4r16s2o,0.654416
t2_c1_4r16s2o,0.635089
t2_c1_4r16s2o,0.630995
t2_c1_4r16s2o,0.947164
t2_c1_4r16s3o,1.014975
t2_c1_4r16s3o,1.011570
t2_c1_4r16s3o,1.020081
t2_c1_4r16s3o,0.747124
t2_c1_4r16s3o,0.795360
t2_c1_4r16s3o,0.658592
t2_c1_4r16s3o,0.645026
t2_c1_4r16s3o,0.656606
t2_c1_4r16s3o,0.656091
t2_c1_4r16s3o,0.861667
t2_c1_4r2s1o,1.038914
t2_c1_4r2s1o,1.037488
t2_c1_4r2s1o,1.017166
t2_c1_4r2s1o,0.814341
t2_c1_4r2s1o,0.656235
t2_c1_4r2s1o,0.632109
t2_c1_4r2s1o,0.668712
t2_c1_4r2s1o,0.657892
t2_c1_4r2s1o,0.666644
t2_c1_4r2s1o,0.729129
t2_c1_4r2s2o,1.003938
t2_c1_4r2s2o,1.022702
t2_c1_4r2s2o,1.020841
t2_c1_4r2s2o,1.007033
t2_c1_4r2s2o,1.016067
t2_c1_4r2s2o,1.024096
t2_c1_4r2s2o,1.019152
t2_c1_4r2s2o,1.010829
t2_c1_4r2s2o,0.622165
t2_c1_4r2s2o,0.630994
t2_c1_4r2s2omixed,0.634024
t2_c1_4r2s2omixed,0.632596
t2_c1_4r2s2omixed,0.653354
t2_c1_4r2s2omixed,0.800744
t2_c1_4r2s2omixed,0.814679
t2_c1_4r2s2omixed,0.658522
t2_c1_4r2s2omixed,0.619939
t2_c1_4r2s2omixed,0.634337
t2_c1_4r2s2omixed,0.652947
t2_c1_4r2s2omixed,0.624902
t2_c1_4r2s3o,0.877587
t2_c1_4r2s3o,1.021994
t2_c1_4r2s3o,1.027572
t2_c1_4r2s3o,1.016228
t2_c1_4r2s3o,0.807833
t2_c1_4r2s3o,0.797992
t2_c1_4r2s3o,0.645479
t2_c1_4r2s3o,0.645180
t2_c1_4r2s3o,0.722350
t2_c1_4r2s3o,0.648647
t2_c1_4r31s2o,0.805036
t2_c1_4r31s2o,1.025045
t2_c1_4r31s2o,1.004801
t2_c1_4r31s2o,1.013220
t2_c1_4r31s2o,0.921694
t2_c1_4r31s2o,0.638655
t2_c1_4r31s2o,0.645575
t2_c1_4r31s2o,0.658915
t2_c1_4r31s2o,0.663158
t2_c1_4r31s2o,0.662915
t2_c1_4r3s1o,0.729304
t2_c1_4r3s1o,1.019737
t2_c1_4r3s1o,1.031311
t2_c1_4r3s1o,1.019371
t2_c1_4r3s1o,0.999257
t2_c1_4r3s1o,0.649987
t2_c1_4r3s1o,0.650793
t2_c1_4r3s1o,0.644266
t2_c1_4r3s1o,0.636020
t2_c1_4r3s1o,0.664948
t2_c1_4r3s2o,0.642979
t2_c1_4r3s2o,0.909685
t2_c1_4r3s2o,1.004268
t2_c1_4r3s2o,1.013990
t2_c1_4r3s2o,1.024007
t2_c1_4r3s2o,0.785816
t2_c1_4r3s2o,0.635914
t2_c1_4r3s2o,0.627268
t2_c1_4r3s2o,0.656211
t2_c1_4r3s2o,0.664056
t2_c1_4r4s1o,0.680918
t2_c1_4r4s1o,0.767795
t2_c1_4r4s1o,1.015668
t2_c1_4r4s1o,1.012284
t2_c1_4r4s1o,1.019464
t2_c1_4r4s1o,0.955754
t2_c1_4r4s1o,0.643230
t2_c1_4r4s1o,0.800484
t2_c1_4r4s1o,0.826718
t2_c1_4r4s1o,0.644851
t2_c1_4r4s2o,0.664795
t2_c1_4r4s2o,0.777303
t2_c1_4r4s2o,1.004312
t2_c1_4r4s2o,1.006627
t2_c1_4r4s2o,1.023449
t2_c1_4r4s2o,0.934465
t2_c1_4r4s2o,0.655776
t2_c1_4r4s2o,0.624483
t2_c1_4r4s2o,0.664272
t2_c1_4r4s2o,0.642913
t2_c1_4r4s3o,0.673430
t2_c1_4r4s3o,0.669857
t2_c1_4r4s3o,0.982205
t2_c1_4r4s3o,1.020342
t2_c1_4r4s3o,1.019633
t2_c1_4r4s3o,1.039216
t2_c1_4r4s3o,0.693099
t2_c1_4r4s3o,0.656504
t2_c1_4r4s3o,0.636296
t2_c1_4r4s3o,0.811611
t2_c1_4r7s1o,0.679505
t2_c1_4r7s1o,0.628768
t2_c1_4r7s1o,0.916027
t2_c1_4r7s1o,1.012976
t2_c1_4r7s1o,1.014864
t2_c1_4r7s1o,1.011033
t2_c1_4r7s1o,0.876422
t2_c1_4r7s1o,0.656233
t2_c1_4r7s1o,0.671301
t2_c1_4r7s1o,0.666943
t2_c1_4r7s2o,0.669003
t2_c1_4r7s2o,0.667495
t2_c1_4r7s2o,0.837231
t2_c1_4r7s2o,1.023960
t2_c1_4r7s2o,1.005014
t2_c1_4r7s2o,1.022797
t2_c1_4r7s2o,0.849090
t2_c1_4r7s2o,0.643930
t2_c1_4r7s2o,0.622411
t2_c1_4r7s2o,0.642282
t2_c1_4r8s1o,0.675425
t2_c1_4r8s1o,0.659351
t2_c1_4r8s1o,0.819481
t2_c1_4r8s1o,0.639116
t2_c1_4r8s1o,0.702273
t2_c1_4r8s1o,0.650278
t2_c1_4r8s1o,0.646534
t2_c1_4r8s1o,0.684434
t2_c1_4r8s1o,0.660502
t2_c1_4r8s1o,1.028589
t2_c1_4r8s1operm,1.015620
t2_c1_4r8s1operm,1.036275
t2_c1_4r8s1operm,1.010410
t2_c1_4r8s1operm,0.670985
t2_c1_4r8s1operm,0.626881
t2_c1_4r8s1operm,0.641654
t2_c1_4r8s1operm,0.637870
t2_c1_4r8s1operm,0.656027
t2_c1_4r8s1operm,0.630542
t2_c1_4r8s1operm,0.845158
t2_c1_4r8s1operm2,1.024243
t2_c1_4r8s1operm2,1.012466
t2_c1_4r8s1operm2,1.021634
t2_c1_4r8s1operm2,0.839593
t2_c1_4r8s1operm2,0.647048
t2_c1_4r8s1operm2,0.661282
t2_c1_4r8s1operm2,0.670628
t2_c1_4r8s1operm2,0.630382
t2_c1_4r8s1operm2,0.659443
t2_c1_4r8s1operm2,0.662340
t2_c1_4r8s2o,1.011904
t2_c1_4r8s2o,1.027688
t2_c1_4r8s2o,1.011513
t2_c1_4r8s2o,1.012499
t2_c1_4r8s2o,0.643050
t2_c1_4r8s2o,0.661037
t2_c1_4r8s2o,0.641565
t2_c1_4r8s2o,0.625207
t2_c1_4r8s2o,0.667285
t2_c1_4r8s2o,0.644600
t2_c1_4r8s3o,0.874366
t2_c1_4r8s3o,1.033951
t2_c1_4r8s3o,1.011338
t2_c1_4r8s3o,1.037691
t2_c1_4r8s3o,0.813670
t2_c1_4r8s3o,0.652865
t2_c1_4r8s3o,0.636029
t2_c1_4r8s3o,0.669012
t2_c1_4r8s3o,0.646891
t2_c1_4r8s3o,0.676635
t2_c1_5r15s2o,0.711229
t2_c1_5r15s2o,1.030063
t2_c1_5r15s2o,1.010557
t2_c1_5r15s2o,1.012829
t2_c1_5r15s2o,0.979615
t2_c1_5r15s2o,0.639833
t2_c1_5r15s2o,0.631422
t2_c1_5r15s2o,0.809997
t2_c1_5r15s2o,0.827460
t2_c1_5r15s2o,0.644496
t2_c1_5r16s1o,0.746530
t2_c1_5r16s1o,1.033557
t2_c1_5r16s1o,1.012464
t2_c1_5r16s1o,1.025258
t2_c1_5r16s1o,0.928450
t2_c1_5r16s1o,0.631176
t2_c1_5r16s1o,0.646563
t2_c1_5r16s1o,0.631984
t2_c1_5r16s1o,0.649439
t2_c1_5r16s1o,0.659580
t2_c1_5r16s2o,0.633056
t2_c1_5r16s2o,0.936243
t2_c1_5r16s2o,1.018601
t2_c1_5r16s2o,1.027180
t2_c1_5r16s2o,1.030361
t2_c1_5r16s2o,0.745318
t2_c1_5r16s2o,0.653362
t2_c1_5r16s2o,0.650778
t2_c1_5r16s2o,0.646880
t2_c1_5r16s2o,0.631847
t2_c1_5r2s1o,0.722510
t2_c1_5r2s1o,0.828085
t2_c1_5r2s1o,1.031503
t2_c1_5r2s1o,1.034520
t2_c1_5r2s1o,1.022570
t2_c1_5r2s1o,0.919487
t2_c1_5r2s1o,0.662287
t2_c1_5r2s1o,0.628013
t2_c1_5r2s1o,0.651031
t2_c1_5r2s1o,0.819887
t2_c1_5r2s2o,0.634438
t2_c1_5r2s2o,0.816697
t2_c1_5r2s2o,0.626709
t2_c1_5r2s2o,0.636360
t2_c1_5r2s2o,0.818011
t2_c1_5r2s2o,0.657189
t2_c1_5r2s2o,0.821524
t2_c1_5r2s2o,0.913152
t2_c1_5r2s2o,1.026252
t2_c1_5r2s2o,1.017706
t2_c1_5r2s3o,1.028513
t2_c1_5r2s3o,0.776060
t2_c1_5r2s3o,0.628615
t2_c1_5r2s3o,0.634242
t2_c1_5r2s3o,0.652404
t2_c1_5r2s3o,0.817851
t2_c1_5r2s3o,0.646726
t2_c1_5r2s3o,0.817172
t2_c1_5r2s3o,1.014693
t2_c1_5r2s3o,1.032517
t2_c1_5r2s4o,1.028932
t2_c1_5r2s4o,0.922266
t2_c1_5r2s4o,0.640669
t2_c1_5r2s4o,0.649395
t2_c1_5r2s4o,0.664064
t2_c1_5r2s4o,0.674751
t2_c1_5r2s4o,0.674527
t2_c1_5r2s4o,0.728024
t2_c1_5r2s4o,1.013654
t2_c1_5r2s4o,1.012565
t2_c1_5r3s1o,1.031381
t2_c1_5r3s1o,0.981394
t2_c1_5r3s1o,0.650334
t2_c1_5r3s1o,0.632885
t2_c1_5r3s1o,0.635507
t2_c1_5r3s1o,0.636103
t2_c1_5r3s1o,0.648804
t2_c1_5r3s1o,0.637220
t2_c1_5r3s1o,0.893063
t2_c1_5r3s1o,1.023709
t2_c1_5r3s2o,1.013750
t2_c1_5r3s2o,1.020142
t2_c1_5r3s2o,0.787749
t2_c1_5r3s2o,0.648928
t2_c1_5r3s2o,0.657775
t2_c1_5r3s2o,0.830537
t2_c1_5r3s2o,0.643343
t2_c1_5r3s2o,0.631644
t2_c1_5r3s2o,0.803040
t2_c1_5r3s2o,1.021349
t2_c1_5r3s3o,1.024851
t2_c1_5r3s3o,1.020025
t2_c1_5r3s3o,0.879407
t2_c1_5r3s3o,0.652309
t2_c1_5r3s3o,0.628272
t2_c1_5r3s3o,0.638354
t2_c1_5r3s3o,0.632041
t2_c1_5r3s3o,0.815024
t2_c1_5r3s3o,0.716941
t2_c1_5r3s3o,1.020967
t2_c1_5r3s4o,1.027233
t2_c1_5r3s4o,1.033164
t2_c1_5r3s4o,0.980098
t2_c1_5r3s4o,0.792795
t2_c1_5r3s4o,0.778802
t2_c1_5r3s4o,0.640116
t2_c1_5r3s4o,0.634763
t2_c1_5r3s4o,0.816916
t2_c1_5r3s4o,0.773116
t2_c1_5r3s4o,1.018010
t2_c1_5r4s1o,1.028168
t2_c1_5r4s1o,1.025949
t2_c1_5r4s1o,0.917304
t2_c1_5r4s1o,0.625236
t2_c1_5r4s1o,0.654194
t2_c1_5r4s1o,0.635555
t2_c1_5r4s1o,0.811366
t2_c1_5r4s1o,0.833471
t2_c1_5r4s1o,0.772236
t2_c1_5r4s1o,1.010006
t2_c1_5r4s1ostride,1.025520
t2_c1_5r4s1ostride,1.023874
t2_c1_5r4s1ostride,0.906061
t2_c1_5r4s1ostride,0.628027
t2_c1_5r4s1ostride,0.656605
t2_c1_5r4s1ostride,0.631925
t2_c1_5r4s1ostride,0.635077
t2_c1_5r4s1ostride,0.662377
t2_c1_5r4s1ostride,0.630549
t2_c1_5r4s1ostride,0.946514
t2_c1_5r4s2o,1.023814
t2_c1_5r4s2o,1.044657
t2_c1_5r4s2o,1.021360
t2_c1_5r4s2o,0.732412
t2_c1_5r4s2o,0.627514
t2_c1_5r4s2o,0.651124
t2_c1_5r4s2o,0.632437
t2_c1_5r4s2o,0.641072
t2_c1_5r4s2o,0.674698
t2_c1_5r4s2o,0.821289
t2_c1_5r4s2operm,1.017351
t2_c1_5r4s2operm,1.033806
t2_c1_5r4s2operm,1.015363
t2_c1_5r4s2operm,0.897203
t2_c1_5r4s2operm,0.664228
t2_c1_5r4s2operm,0.665550
t2_c1_5r4s2operm,0.633357
t2_c1_5r4s2operm,0.668462
t2_c1_5r4s2operm,0.661943
t2_c1_5r4s2operm,0.691362
t2_c1_5r4s3o,1.034846
t2_c1_5r4s3o,1.011834
t2_c1_5r4s3o,1.021931
t2_c1_5r4s3o,1.030964
t2_c1_5r4s3o,0.623882
t2_c1_5r4s3o,0.634828
t2_c1_5r4s3o,0.807211
t2_c1_5r4s3o,0.644505
t2_c1_5r4s3o,0.676104
t2_c1_5r4s3o,0.635377
t2_c1_5r4s4o,0.965506
t2_c1_5r4s4o,1.032012
t2_c1_5r4s4o,1.013174
t2_c1_5r4s4o,1.023358
t2_c1_5r4s4o,0.730403
t2_c1_5r4s4o,0.630535
t2_c1_5r4s4o,0.805497
t2_c1_5r4s4o,0.668564
t2_c1_5r4s4o,0.653372
t2_c1_5r4s4o,0.656624
t2_c1_5r7s2o,0.906118
t2_c1_5r7s2o,1.011271
t2_c1_5r7s2o,1.030078
t2_c1_5r7s2o,1.038742
t2_c1_5r7s2o,0.788772
t2_c1_5r7s2o,0.802564
t2_c1_5r7s2o,0.655629
t2_c1_5r7s2o,0.647093
t2_c1_5r7s2o,0.641140
t2_c1_5r7s2o,0.772084
t2_c1_5r8s1o,0.886528
t2_c1_5r8s1o,1.009824
t2_c1_5r8s1o,1.011578
t2_c1_5r8s1o,1.021852
t2_c1_5r8s1o,0.802061
t2_c1_5r8s1o,0.804048
t2_c1_5r8s1o,0.820147
t2_c1_5r8s1o,0.716158
t2_c1_5r8s1o,0.638934
t2_c1_5r8s1o,0.644552
t2_c1_5r8s2o,0.930597
t2_c1_5r8s2o,1.023976
t2_c1_5r8s2o,1.009577
t2_c1_5r8s2o,1.016441
t2_c1_5r8s2o,0.757970
t2_c1_5r8s2o,0.794745
t2_c1_5r8s2o,0.628204
t2_c1_5r8s2o,0.809110
t2_c1_5r8s2o,0.670918
t2_c1_5r8s2o,0.682139
t2_c1_5r8s3o,0.833844
t2_c1_5r8s3o,0.646505
t2_c1_5r8s3o,0.813299
t2_c1_5r8s3o,0.657790
t2_c1_5r8s3o,0.660058
t2_c1_5r8s3o,0.668355
t2_c1_5r8s3o,1.021918
t2_c1_5r8s3o,1.019434
t2_c1_5r8s3o,1.020079
t2_c1_5r8s3o,1.011845
t2_c1_5r8s4o,1.023830
t2_c1_5r8s4o,1.034932
t2_c1_5r8s4o,1.023882
t2_c1_5r8s4o,1.020135
t2_c1_5r8s4o,0.814805
t2_c1_5r8s4o,0.662875
t2_c1_5r8s4o,0.644564
t2_c1_5r8s4o,0.810607
t2_c1_5r8s4o,0.656578
t2_c1_5r8s4o,0.642621
t2_c1_6r15s3o,1.016053
t2_c1_6r15s3o,1.014181
t2_c1_6r15s3o,1.021978
t2_c1_6r15s3o,1.016285
t2_c1_6r15s3o,0.660931
t2_c1_6r15s3o,0.639192
t2_c1_6r15s3o,0.643225
t2_c1_6r15s3o,0.648164
t2_c1_6r15s3o,0.633200
t2_c1_6r15s3o,0.804468
t2_c1_6r16s5o,0.892176
t2_c1_6r16s5o,1.024235
t2_c1_6r16s5o,1.022791
t2_c1_6r16s5o,1.027169
t2_c1_6r16s5o,0.781734
t2_c1_6r16s5o,0.799349
t2_c1_6r16s5o,0.637712
t2_c1_6r16s5o,0.814607
t2_c1_6r16s5o,0.639214
t2_c1_6r16s5o,0.663547
t2_c1_6r2s1o,0.910020
t2_c1_6r2s1o,1.035137
t2_c1_6r2s1o,1.038551
t2_c1_6r2s1o,1.026050
t2_c1_6r2s1o,0.762683
t2_c1_6r2s1o,0.628263
t2_c1_6r2s1o,0.664755
t2_c1_6r2s1o,0.729859
t2_c1_6r2s1o,0.684342
t2_c1_6r2s1o,0.628461
t2_c1_6r2s2o,0.835420
t2_c1_6r2s2o,1.012011
t2_c1_6r2s2o,1.024316
t2_c1_6r2s2o,1.037492
t2_c1_6r2s2o,0.885358
t2_c1_6r2s2o,0.673257
t2_c1_6r2s2o,0.644711
t2_c1_6r2s2o,0.643290
t2_c1_6r2s2o,0.670387
t2_c1_6r2s2o,0.662061
t2_c1_6r2s3o,0.667131
t2_c1_6r2s3o,1.007316
t2_c1_6r2s3o,1.030358
t2_c1_6r2s3o,1.025988
t2_c1_6r2s3o,1.009117
t2_c1_6r2s3o,0.721910
t2_c1_6r2s3o,0.644637
t2_c1_6r2s3o,0.669291
t2_c1_6r2s3o,0.812187
t2_c1_6r2s3o,0.642346
t2_c1_6r2s5o,0.647445
t2_c1_6r2s5o,1.023598
t2_c1_6r2s5o,1.019535
t2_c1_6r2s5o,1.035899
t2_c1_6r2s5o,1.036583
t2_c1_6r2s5o,0.795211
t2_c1_6r2s5o,0.666333
t2_c1_6r2s5o,0.652378
t2_c1_6r2s5o,0.652344
t2_c1_6r2s5o,0.834532
t2_c1_6r3s1o,0.699690
t2_c1_6r3s1o,1.016017
t2_c1_6r3s1o,1.023097
t2_c1_6r3s1o,1.031937
t2_c1_6r3s1o,1.006861
t2_c1_6r3s1o,0.804623
t2_c1_6r3s1o,0.641785
t2_c1_6r3s1o,0.664656
t2_c1_6r3s1o,0.646226
t2_c1_6r3s1o,0.822371
t2_c1_6r3s2o,0.708779
t2_c1_6r3s2o,1.021246
t2_c1_6r3s2o,1.022601
t2_c1_6r3s2o,1.025462
t2_c1_6r3s2o,0.976575
t2_c1_6r3s2o,0.663767
t2_c1_6r3s2o,0.680995
t2_c1_6r3s2o,0.676305
t2_c1_6r3s2o,0.644979
t2_c1_6r3s2o,0.667134
t2_c1_6r3s3o,0.630611
t2_c1_6r3s3o,0.953483
t2_c1_6r3s3o,1.013415
t2_c1_6r3s3o,1.018665
t2_c1_6r3s3o,1.025154
t2_c1_6r3s3o,0.739505
t2_c1_6r3s3o,0.623242
t2_c1_6r3s3o,0.643353
t2_c1_6r3s3o,0.656480
t2_c1_6r3s3o,0.622397
t2_c1_6r4s1o,0.661871
t2_c1_6r4s1o,0.768162
t2_c1_6r4s1o,1.011639
t2_c1_6r4s1o,1.031689
t2_c1_6r4s1o,1.020012
t2_c1_6r4s1o,0.931268
t2_c1_6r4s1o,0.639018
t2_c1_6r4s1o,0.672067
t2_c1_6r4s1o,0.679666
t2_c1_6r4s1o,0.644833
t2_c1_6r4s2o,0.658867
t2_c1_6r4s2o,0.650053
t2_c1_6r4s2o,0.992525
t2_c1_6r4s2o,1.036944
t2_c1_6r4s2o,1.010151
t2_c1_6r4s2o,1.034432
t2_c1_6r4s2o,0.694532
t2_c1_6r4s2o,0.643644
t2_c1_6r4s2o,0.629577
t2_c1_6r4s2o,0.651997
t2_c1_6r4s2ostride,0.677435
t2_c1_6r4s2ostride,0.680756
t2_c1_6r4s2ostride,0.835927
t2_c1_6r4s2ostride,1.026230
t2_c1_6r4s2ostride,1.014302
t2_c1_6r4s2ostride,1.013793
t2_c1_6r4s2ostride,0.907098
t2_c1_6r4s2ostride,0.628836
t2_c1_6r4s2ostride,0.631521
t2_c1_6r4s2ostride,0.647338
t2_c1_6r4s3o,0.631310
t2_c1_6r4s3o,0.651272
t2_c1_6r4s3o,0.664977
t2_c1_6r4s3o,1.024279
t2_c1_6r4s3o,1.034884
t2_c1_6r4s3o,1.033157
t2_c1_6r4s3o,1.015395
t2_c1_6r4s3o,0.772765
t2_c1_6r4s3o,0.623966
t2_c1_6r4s3o,0.798920
t2_c1_6r4s5o,0.642869
t2_c1_6r4s5o,0.821273
t2_c1_6r4s5o,0.768738
t2_c1_6r4s5o,1.018572
t2_c1_6r4s5o,1.021161
t2_c1_6r4s5o,1.013340
t2_c1_6r4s5o,0.948086
t2_c1_6r4s5o,0.637216
t2_c1_6r4s5o,0.645725
t2_c1_6r4s5o,0.632138
t2_c1_6r5s1o,0.671094
t2_c1_6r5s1o,0.649790
t2_c1_6r5s1o,0.672364
t2_c1_6r5s1o,0.985249
t2_c1_6r5s1o,1.033157
t2_c1_6r5s1o,1.024198
t2_c1_6r5s1o,1.022257
t2_c1_6r5s1o,0.726999
t2_c1_6r5s1o,0.629108
t2_c1_6r5s1o,0.644129
t2_c1_6r5s2o,0.639628
t2_c1_6r5s2o,0.657970
t2_c1_6r5s2o,0.635026
t2_c1_6r5s2o,0.788369
t2_c1_6r5s2o,1.030102
t2_c1_6r5s2o,1.012538
t2_c1_6r5s2o,1.036132
t2_c1_6r5s2o,0.946600
t2_c1_6r5s2o,0.627574
t2_c1_6r5s2o,0.635061
t2_c1_6r5s3o,0.642172
t2_c1_6r5s3o,0.645442
t2_c1_6r5s3o,0.646899
t2_c1_6r5s3o,0.668995
t2_c1_6r5s3o,1.016297
t2_c1_6r5s3o,1.003068
t2_c1_6r5s3o,1.010012
t2_c1_6r5s3o,1.026411
t2_c1_6r5s3o,0.697106
t2_c1_6r5s3o,0.641648
t2_c1_6r7s3o,0.627347
t2_c1_6r7s3o,0.646185
t2_c1_6r7s3o,0.655874
t2_c1_6r7s3o,0.623265
t2_c1_6r7s3o,0.799886
t2_c1_6r7s3o,1.012792
t2_c1_6r7s3o,1.012261
t2_c1_6r7s3o,1.013511
t2_c1_6r7s3o,0.884932
t2_c1_6r7s3o,0.658529
t2_c1_6r8s2o,0.670807
t2_c1_6r8s2o,0.766888
t2_c1_6r8s2o,0.630573
t2_c1_6r8s2o,0.644669
t2_c1_6r8s2o,0.709347
t2_c1_6r8s2o,1.025650
t2_c1_6r8s2o,1.016000
t2_c1_6r8s2o,1.023285
t2_c1_6r8s2o,0.984310
t2_c1_6r8s2o,0.792366
t2_c1_6r8s3o,0.658273
t2_c1_6r8s3o,0.646447
t2_c1_6r8s3o,0.803564
t2_c1_6r8s3o,0.661899
t2_c1_6r8s3o,0.733905
t2_c1_6r8s3o,1.003811
t2_c1_6r8s3o,1.005453
t2_c1_6r8s3o,1.031868
t2_c1_6r8s3o,0.983378
t2_c1_6r8s3o,0.643596
t2_c1_6r8s5o,0.630324
t2_c1_6r8s5o,0.634494
t2_c1_6r8s5o,0.634915
t2_c1_6r8s5o,0.681972
t2_c1_6r8s5o,0.658799
t2_c1_6r8s5o,0.919676
t2_c1_6r8s5o,1.012283
t2_c1_6r8s5o,1.030086
t2_c1_6r8s5o,1.042733
t2_c1_6r8s5o,0.752750
t2_c1_7r4s6o,0.654145
t2_c1_7r4s6o,0.635166
t2_c1_7r4s6o,0.657911
t2_c1_7r4s6o,0.684713
t2_c1_7r4s6o,0.708064
t2_c1_7r4s6o,0.818904
t2_c1_7r4s6o,0.658671
t2_c1_7r4s6o,0.667770
t2_c1_7r4s6o,0.663068
t2_c1_7r4s6o,0.683730
t2_c1_8r2s7o,0.634317
t2_c1_8r2s7o,0.813619
t2_c1_8r2s7o,1.020524
t2_c1_8r2s7o,1.013028
t2_c1_8r2s7o,1.011299
t2_c1_8r2s7o,0.879364
t2_c1_8r2s7o,0.654036
t2_c1_8r2s7o,0.634331
t2_c1_8r2s7o,0.640948
t2_c1_8r2s7o,0.808670
t2_c1_8r4s7o,0.646717
t2_c1_8r4s7o,0.694437
t2_c1_8r4s7o,1.017492
t2_c1_8r4s7o,1.010263
t2_c1_8r4s7o,1.010839
t2_c1_8r4s7o,0.997620
t2_c1_8r4s7o,0.642971
t2_c1_8r4s7o,0.646659
t2_c1_8r4s7o,0.643585
t2_c1_8r4s7o,0.650607
t2_c1_8r8s7o,0.642569
t2_c1_8r8s7o,0.653874
t2_c1_8r8s7o,0.888094
t2_c1_8r8s7o,1.020571
t2_c1_8r8s7o,1.010640
t2_c1_8r8s7o,1.021117
t2_c1_8r8s7o,0.804897
t2_c1_8r8s7o,0.672872
t2_c1_8r8s7o,0.669550
t2_c1_8r8s7o,0.636349
t2_c1_rect0,0.658078
t2_c1_rect0,0.641606
t2_c1_rect0,0.741768
t2_c1_rect0,1.024346
t2_c1_rect0,1.055303
t2_c1_rect0,1.035977
t2_c1_rect0,0.938553
t2_c1_rect0,0.627752
t2_c1_rect0,0.805862
t2_c1_rect0,0.648542
t2_c1_rect1,0.669565
t2_c1_rect1,0.686716
t2_c1_rect1,0.719306
t2_c1_rect1,1.033503
t2_c1_rect1,1.037195
t2_c1_rect1,1.020533
t2_c1_rect1,0.970516
t2_c1_rect1,0.626590
t2_c1_rect1,0.652543
t2_c1_rect1,0.667843
t2_c2_13r3s12o,0.726023
t2_c2_13r3s12o,0.729356
t2_c2_13r3s12o,0.772143
t2_c2_13r3s12o,1.103675
t2_c2_13r3s12o,1.101809
t2_c2_13r3s12o,1.079485
t2_c2_13r3s12o,0.958152
t2_c2_13r3s12o,0.716288
t2_c2_13r3s12o,0.701652
t2_c2_13r3s12o,0.719444
t2_c2_2r128s1o,0.708794
t2_c2_2r128s1o,0.699989
t2_c2_2r128s1o,0.840869
t2_c2_2r128s1o,1.065678
t2_c2_2r128s1o,1.075713
t2_c2_2r128s1o,1.088625
t2_c2_2r128s1o,0.932329
t2_c2_2r128s1o,0.678526
t2_c2_2r128s1o,0.664846
t2_c2_2r128s1o,0.689890
t2_c2_2r16s1o,0.700805
t2_c2_2r16s1o,0.666184
t2_c2_2r16s1o,0.935936
t2_c2_2r16s1o,1.069214
t2_c2_2r16s1o,1.088205
t2_c2_2r16s1o,1.095605
t2_c2_2r16s1o,0.760174
t2_c2_2r16s1o,0.708301
t2_c2_2r16s1o,0.865562
t2_c2_2r16s1o,0.681289
t2_c2_2r256s1o,0.709001
t2_c2_2r256s1o,0.714604
t2_c2_2r256s1o,1.076762
t2_c2_2r256s1o,1.078435
t2_c2_2r256s1o,1.089421
t2_c2_2r256s1o,1.022017
t2_c2_2r256s1o,0.706638
t2_c2_2r256s1o,0.865051
t2_c2_2r256s1o,0.871399
t2_c2_2r256s1o,0.715096
t2_c2_2r2s1o,0.701216
t2_c2_2r2s1o,0.885836
t2_c2_2r2s1o,0.687700
t2_c2_2r2s1o,0.688732
t2_c2_2r2s1o,0.685762
t2_c2_2r2s1o,0.681339
t2_c2_2r2s1o,0.857745
t2_c2_2r2s1o,0.698377
t2_c2_2r2s1o,0.882091
t2_c2_2r2s1o,0.873046
t2_c2_2r32s1o,0.685911
t2_c2_2r32s1o,0.860882
t2_c2_2r32s1o,0.678908
t2_c2_2r32s1o,0.858167
t2_c2_2r32s1o,0.875873
t2_c2_2r32s1o,0.878124
t2_c2_2r32s1o,0.681283
t2_c2_2r32s1o,1.066924
t2_c2_2r32s1o,1.107878
t2_c2_2r32s1o,1.090360
t2_c2_2r4s1o,1.007101
t2_c2_2r4s1o,0.681170
t2_c2_2r4s1o,0.689326
t2_c2_2r4s1o,0.690370
t2_c2_2r4s1o,0.688717
t2_c2_2r4s1o,0.696800
t2_c2_2r4s1o,0.747089
t2_c2_2r4s1o,1.087055
t2_c2_2r4s1o,1.065864
t2_c2_2r4s1o,1.078018
t2_c2_2r64s1o,0.996943
t2_c2_2r64s1o,0.675539
t2_c2_2r64s1o,0.686948
t2_c2_2r64s1o,0.852797
t2_c2_2r64s1o,0.698147
t2_c2_2r64s1o,0.723624
t2_c2_2r64s1o,0.923223
t2_c2_2r64s1o,1.092559
t2_c2_2r64s1o,1.075706
t2_c2_2r64s1o,1.079416
t2_c2_2r8s1o,0.893590
t2_c2_2r8s1o,0.865847
t2_c2_2r8s1o,0.867663
t2_c2_2r8s1o,0.687607
t2_c2_2r8s1o,0.702174
t2_c2_2r8s1o,0.871451
t2_c2_2r8s1o,0.870400
t2_c2_2r8s1o,0.708611
t2_c2_2r8s1o,0.865071
t2_c2_2r8s1o,0.880467
t2_c2_3r127s1o,0.911823
t2_c2_3r127s1o,1.083248
t2_c2_3r127s1o,1.105546
t2_c2_3r127s1o,1.083809
t2_c2_3r127s1o,0.805217
t2_c2_3r127s1o,0.715090
t2_c2_3r127s1o,0.665612
t2_c2_3r127s1o,0.711797
t2_c2_3r127s1o,0.683059
t2_c2_3r127s1o,0.693556
t2_c2_3r16s1o,1.006508
t2_c2_3r16s1o,1.085378
t2_c2_3r16s1o,1.097452
t2_c2_3r16s1o,1.101756
t2_c2_3r16s1o,0.686513
t2_c2_3r16s1o,0.689596
t2_c2_3r16s1o,0.710500
t2_c2_3r16s1o,0.692861
t2_c2_3r16s1o,0.695814
t2_c2_3r16s1o,0.686414
t2_c2_3r16s2o,1.077685
t2_c2_3r16s2o,1.094426
t2_c2_3r16s2o,1.082354
t2_c2_3r16s2o,1.019648
t2_c2_3r16s2o,0.678618
t2_c2_3r16s2o,0.688098
t2_c2_3r16s2o,0.698294
t2_c2_3r16s2o,0.681243
t2_c2_3r16s2o,0.697855
t2_c2_3r16s2o,0.758318
t2_c2_3r2s1o,1.074805
t2_c2_3r2s1o,1.080107
t2_c2_3r2s1o,1.099203
t2_c2_3r2s1o,0.940895
t2_c2_3r2s1o,0.686599
t2_c2_3r2s1o,0.720221
t2_c2_3r2s1o,0.689711
t2_c2_3r2s1o,0.690399
t2_c2_3r2s1o,0.713816
t2_c2_3r2s1o,0.876335
t2_c2_3r2s1orect,1.083024
t2_c2_3r2s1orect,1.078313
t2_c2_3r2s1orect,1.076018
t2_c2_3r2s1orect,0.853521
t2_c2_3r2s1orect,0.682344
t2_c2_3r2s1orect,0.691131
t2_c2_3r2s1orect,0.859202
t2_c2_3r2s1orect,0.886122
t2_c2_3r2s1orect,0.725761
t2_c2_3r2s1orect,1.080487
t2_c2_3r2s2o,1.078177
t2_c2_3r2s2o,1.086648
t2_c2_3r2s2o,0.985622
t2_c2_3r2s2o,0.704520
t2_c2_3r2s2o,0.863422
t2_c2_3r2s2o,0.699311
t2_c2_3r2s2o,0.712244
t2_c2_3r2s2o,0.688345
t2_c2_3r2s2o,0.912756
t2_c2_3r2s2o,1.088988
t2_c2_3r32s1o,1.084714
t2_c2_3r32s1o,1.085361
t2_c2_3r32s1o,0.805315
t2_c2_3r32s1o,0.668426
t2_c2_3r32s1o,0.709574
t2_c2_3r32s1o,0.680135
t2_c2_3r32s1o,0.861901
t2_c2_3r32s1o,0.681725
t2_c2_3r32s1o,1.062541
t2_c2_3r32s1o,1.096475
t2_c2_3r32s2o,1.086979
t2_c2_3r32s2o,1.032071
t2_c2_3r32s2o,0.678654
t2_c2_3r32s2o,0.689130
t2_c2_3r32s2o,0.689646
t2_c2_3r32s2o,0.666737
t2_c2_3r32s2o,0.697929
t2_c2_3r32s2o,0.757741
t2_c2_3r32s2o,1.096810
t2_c2_3r32s2o,1.103883
t2_c2_3r4s1o,1.082996
t2_c2_3r4s1o,0.996452
t2_c2_3r4s1o,0.665040
t2_c2_3r4s1o,0.852813
t2_c2_3r4s1o,0.696867
t2_c2_3r4s1o,0.865092
t2_c2_3r4s1o,0.687353
t2_c2_3r4s1o,1.015708
t2_c2_3r4s1o,1.074421
t2_c2_3r4s1o,1.088959
t2_c2_3r4s2o,1.082871
t2_c2_3r4s2o,1.094335
t2_c2_3r4s2o,1.083632
t2_c2_3r4s2o,1.100650
t2_c2_3r4s2o,1.019359
t2_c2_3r4s2o,0.715218
t2_c2_3r4s2o,0.685575
t2_c2_3r4s2o,0.698710
t2_c2_3r4s2o,0.702758
t2_c2_3r4s2o,0.679439
t2_c2_3r64s1o,0.790157
t2_c2_3r64s1o,1.095790
t2_c2_3r64s1o,1.099218
t2_c2_3r64s1o,1.104080
t2_c2_3r64s1o,0.894927
t2_c2_3r64s1o,0.839326
t2_c2_3r64s1o,0.723994
t2_c2_3r64s1o,0.765408
t2_c2_3r64s1o,0.712420
t2_c2_3r64s1o,0.709424
t2_c2_3r7s1o,1.063965
t2_c2_3r7s1o,1.096877
t2_c2_3r7s1o,1.085714
t2_c2_3r7s1o,1.067050
t2_c2_3r7s1o,0.857443
t2_c2_3r7s1o,0.686113
t2_c2_3r7s1o,0.857350
t2_c2_3r7s1o,0.789857
t2_c2_3r7s1o,0.686023
t2_c2_3r7s1o,0.971326
t2_c2_3r8s1o,1.084115
t2_c2_3r8s1o,1.078512
t2_c2_3r8s1o,1.098072
t2_c2_3r8s1o,0.861527
t2_c2_3r8s1o,0.685345
t2_c2_3r8s1o,0.684476
t2_c2_3r8s1o,0.674055
t2_c2_3r8s1o,0.857579
t2_c2_3r8s1o,0.771621
t2_c2_3r8s1o,1.083195
t2_c2_3r8s2o,1.080404
t2_c2_3r8s2o,1.085735
t2_c2_3r8s2o,0.931733
t2_c2_3r8s2o,0.690847
t2_c2_3r8s2o,0.693492
t2_c2_3r8s2o,0.856736
t2_c2_3r8s2o,0.686259
t2_c2_3r8s2o,0.858052
t2_c2_3r8s2o,0.873026
t2_c2_3r8s2o,0.670745
t2_c2_4r16s1o,0.700938
t2_c2_4r16s1o,0.707545
t2_c2_4r16s1o,0.681119
t2_c2_4r16s1o,0.864828
t2_c2_4r16s1o,0.664671
t2_c2_4r16s1o,0.688530
t2_c2_4r16s1o,0.674859
t2_c2_4r16s1o,0.698308
t2_c2_4r16s1o,0.886943
t2_c2_4r16s1o,0.880353
t2_c2_4r16s2o,0.689269
t2_c2_4r16s2o,0.787688
t2_c2_4r16s2o,0.874373
t2_c2_4r16s2o,0.692591
t2_c2_4r16s2o,0.837844
t2_c2_4r16s2o,1.077299
t2_c2_4r16s2o,1.090982
t2_c2_4r16s2o,1.080160
t2_c2_4r16s2o,0.874661
t2_c2_4r16s2o,0.681690
t2_c2_4r16s3o,0.704718
t2_c2_4r16s3o,0.716953
t2_c2_4r16s3o,0.722396
t2_c2_4r16s3o,0.669871
t2_c2_4r16s3o,0.948157
t2_c2_4r16s3o,1.085170
t2_c2_4r16s3o,1.101422
t2_c2_4r16s3o,1.088727
t2_c2_4r16s3o,0.744673
t2_c2_4r16s3o,0.689167
t2_c2_4r2s1o,0.702057
t2_c2_4r2s1o,0.866609
t2_c2_4r2s1o,0.803021
t2_c2_4r2s1o,0.876494
t2_c2_4r2s1o,0.667549
t2_c2_4r2s1o,0.724349
t2_c2_4r2s1o,0.694100
t2_c2_4r2s1o,0.680157
t2_c2_4r2s1o,0.730211
t2_c2_4r2s1o,0.957374
t2_c2_4r2s2o,1.075770
t2_c2_4r2s2o,1.076837
t2_c2_4r2s2o,1.081980
t2_c2_4r2s2o,0.774260
t2_c2_4r2s2o,0.666968
t2_c2_4r2s2o,0.855188
t2_c2_4r2s2o,0.666349
t2_c2_4r2s2o,0.860894
t2_c2_4r2s2o,0.747454
t2_c2_4r2s2o,1.096381
t2_c2_4r2s2omixed,1.087248
t2_c2_4r2s2omixed,1.092937
t2_c2_4r2s2omixed,0.988721
t2_c2_4r2s2omixed,0.861555
t2_c2_4r2s2omixed,0.680729
t2_c2_4r2s2omixed,0.855481
t2_c2_4r2s2omixed,0.692694
t2_c2_4r2s2omixed,0.692394
t2_c2_4r2s2omixed,1.033064
t2_c2_4r2s2omixed,1.071637
t2_c2_4r2s3o,1.093435
t2_c2_4r2s3o,1.075260
t2_c2_4r2s3o,0.685329
t2_c2_4r2s3o,0.853488
t2_c2_4r2s3o,0.881392
t2_c2_4r2s3o,0.877671
t2_c2_4r2s3o,0.697822
t2_c2_4r2s3o,1.052056
t2_c2_4r2s3o,1.083475
t2_c2_4r2s3o,1.086299
t2_c2_4r31s2o,1.067864
t2_c2_4r31s2o,0.840509
t2_c2_4r31s2o,0.864347
t2_c2_4r31s2o,0.867235
t2_c2_4r31s2o,0.868230
t2_c2_4r31s2o,0.867511
t2_c2_4r31s2o,0.678644
t2_c2_4r31s2o,0.684154
t2_c2_4r31s2o,0.698937
t2_c2_4r31s2o,0.873289
t2_c2_4r3s1o,0.876010
t2_c2_4r3s1o,1.024287
t2_c2_4r3s1o,1.075974
t2_c2_4r3s1o,1.090966
t2_c2_4r3s1o,1.086154
t2_c2_4r3s1o,0.837250
t2_c2_4r3s1o,0.685437
t2_c2_4r3s1o,0.698824
t2_c2_4r3s1o,0.860079
t2_c2_4r3s1o,0.673629
t2_c2_4r3s2o,0.872494
t2_c2_4r3s2o,1.079219
t2_c2_4r3s2o,1.078318
t2_c2_4r3s2o,1.095448
t2_c2_4r3s2o,0.851571
t2_c2_4r3s2o,0.710557
t2_c2_4r3s2o,0.707808
t2_c2_4r3s2o,0.704959
t2_c2_4r3s2o,0.717793
t2_c2_4r3s2o,0.694208
t2_c2_4r4s1o,0.984437
t2_c2_4r4s1o,1.096845
t2_c2_4r4s1o,1.090062
t2_c2_4r4s1o,1.084183
t2_c2_4r4s1o,0.712723
t2_c2_4r4s1o,0.668314
t2_c2_4r4s1o,0.745729
t2_c2_4r4s1o,0.700623
t2_c2_4r4s1o,0.710142
t2_c2_4r4s1o,0.695116
t2_c2_4r4s2o,1.090719
t2_c2_4r4s2o,1.081050
t2_c2_4r4s2o,1.084430
t2_c2_4r4s2o,1.032971
t2_c2_4r4s2o,0.678882
t2_c2_4r4s2o,0.705425
t2_c2_4r4s2o,0.685568
t2_c2_4r4s2o,0.702551
t2_c2_4r4s2o,0.718661
t2_c2_4r4s2o,0.819754
t2_c2_4r4s3o,1.099069
t2_c2_4r4s3o,1.079732
t2_c2_4r4s3o,1.089564
t2_c2_4r4s3o,1.098458
t2_c2_4r4s3o,1.076783
t2_c2_4r4s3o,1.089920
t2_c2_4r4s3o,1.085473
t2_c2_4r4s3o,0.826058
t2_c2_4r4s3o,0.679706
t2_c2_4r4s3o,0.693206
t2_c2_4r7s1o,0.703982
t2_c2_4r7s1o,0.684423
t2_c2_4r7s1o,0.694962
t2_c2_4r7s1o,0.970489
t2_c2_4r7s1o,1.086078
t2_c2_4r7s1o,1.078049
t2_c2_4r7s1o,1.107191
t2_c2_4r7s1o,0.733456
t2_c2_4r7s1o,0.707430
t2_c2_4r7s1o,0.699398
t2_c2_4r7s2o,0.668416
t2_c2_4r7s2o,0.692241
t2_c2_4r7s2o,0.687734
t2_c2_4r7s2o,1.023394
t2_c2_4r7s2o,1.066196
t2_c2_4r7s2o,1.070060
t2_c2_4r7s2o,1.090345
t2_c2_4r7s2o,0.683608
t2_c2_4r7s2o,0.699696
t2_c2_4r7s2o,0.687046
t2_c2_4r8s1o,0.697981
t2_c2_4r8s1o,0.717802
t2_c2_4r8s1o,0.743827
t2_c2_4r8s1o,1.073644
t2_c2_4r8s1o,1.075266
t2_c2_4r8s1o,1.095824
t2_c2_4r8s1o,0.987473
t2_c2_4r8s1o,0.692265
t2_c2_4r8s1o,0.701304
t2_c2_4r8s1o,0.721421
t2_c2_4r8s1operm,0.689095
t2_c2_4r8s1operm,0.719564
t2_c2_4r8s1operm,0.879223
t2_c2_4r8s1operm,0.688079
t2_c2_4r8s1operm,0.700586
t2_c2_4r8s1operm,0.688353
t2_c2_4r8s1operm,0.730452
t2_c2_4r8s1operm,0.876461
t2_c2_4r8s1operm,0.686470
t2_c2_4r8s1operm,0.706787
t2_c2_4r8s1operm2,0.675708
t2_c2_4r8s1operm2,0.691703
t2_c2_4r8s1operm2,0.684586
t2_c2_4r8s1operm2,0.688602
t2_c2_4r8s1operm2,1.083524
t2_c2_4r8s1operm2,1.086639
t2_c2_4r8s1operm2,1.079694
t2_c2_4r8s1operm2,1.021227
t2_c2_4r8s1operm2,0.688145
t2_c2_4r8s1operm2,0.865086
t2_c2_4r8s2o,0.664221
t2_c2_4r8s2o,0.864655
t2_c2_4r8s2o,0.684395
t2_c2_4r8s2o,0.862693
t2_c2_4r8s2o,0.876062
t2_c2_4r8s2o,0.874068
t2_c2_4r8s2o,0.685281
t2_c2_4r8s2o,0.699732
t2_c2_4r8s2o,0.860883
t2_c2_4r8s2o,0.680313
t2_c2_4r8s3o,0.878302
t2_c2_4r8s3o,0.691721
t2_c2_4r8s3o,0.873757
t2_c2_4r8s3o,0.895684
t2_c2_4r8s3o,0.882825
t2_c2_4r8s3o,0.685535
t2_c2_4r8s3o,0.871504
t2_c2_4r8s3o,0.888154
t2_c2_4r8s3o,0.884902
t2_c2_4r8s3o,0.883243
t2_c2_5r15s2o,0.672203
t2_c2_5r15s2o,0.871802
t2_c2_5r15s2o,0.887425
t2_c2_5r15s2o,0.863138
t2_c2_5r15s2o,1.076279
t2_c2_5r15s2o,1.096886
t2_c2_5r15s2o,1.106266
t2_c2_5r15s2o,0.821928
t2_c2_5r15s2o,0.850069
t2_c2_5r15s2o,0.682928
t2_c2_5r16s1o,0.723198
t2_c2_5r16s1o,0.702931
t2_c2_5r16s1o,0.701702
t2_c2_5r16s1o,1.052573
t2_c2_5r16s1o,1.076824
t2_c2_5r16s1o,1.088931
t2_c2_5r16s1o,1.055142
t2_c2_5r16s1o,0.682905
t2_c2_5r16s1o,0.691848
t2_c2_5r16s1o,0.671350
t2_c2_5r16s2o,0.676089
t2_c2_5r16s2o,0.696535
t2_c2_5r16s2o,0.678681
t2_c2_5r16s2o,1.075008
t2_c2_5r16s2o,1.085672
t2_c2_5r16s2o,1.106471
t2_c2_5r16s2o,0.999545
t2_c2_5r16s2o,0.849206
t2_c2_5r16s2o,0.706585
t2_c2_5r16s2o,0.672110
t2_c2_5r2s1o,0.682646
t2_c2_5r2s1o,0.719196
t2_c2_5r2s1o,0.879958
t2_c2_5r2s1o,0.685462
t2_c2_5r2s1o,0.697856
t2_c2_5r2s1o,0.867891
t2_c2_5r2s1o,0.891973
t2_c2_5r2s1o,0.886602
t2_c2_5r2s1o,0.713210
t2_c2_5r2s1o,0.879921
t2_c2_5r2s2o,0.675025
t2_c2_5r2s2o,0.724836
t2_c2_5r2s2o,0.882016
t2_c2_5r2s2o,0.713537
t2_c2_5r2s2o,0.688638
t2_c2_5r2s2o,0.716743
t2_c2_5r2s2o,0.724274
t2_c2_5r2s2o,0.889657
t2_c2_5r2s2o,0.924577
t2_c2_5r2s2o,1.104602
t2_c2_5r2s3o,1.083706
t2_c2_5r2s3o,1.075649
t2_c2_5r2s3o,0.792844
t2_c2_5r2s3o,0.691095
t2_c2_5r2s3o,0.710794
t2_c2_5r2s3o,0.715216
t2_c2_5r2s3o,0.718688
t2_c2_5r2s3o,0.694282
t2_c2_5r2s3o,1.071405
t2_c2_5r2s3o,1.075978
t2_c2_5r2s4o,1.097602
t2_c2_5r2s4o,1.044013
t2_c2_5r2s4o,0.715093
t2_c2_5r2s4o,0.677381
t2_c2_5r2s4o,0.715170
t2_c2_5r2s4o,0.723863
t2_c2_5r2s4o,0.690706
t2_c2_5r2s4o,0.790883
t2_c2_5r2s4o,1.075244
t2_c2_5r2s4o,1.086726
t2_c2_5r3s1o,1.082729
t2_c2_5r3s1o,0.915400
t2_c2_5r3s1o,0.693886
t2_c2_5r3s1o,0.700601
t2_c2_5r3s1o,0.698221
t2_c2_5r3s1o,0.696794
t2_c2_5r3s1o,0.870624
t2_c2_5r3s1o,0.884726
t2_c2_5r3s1o,0.684221
t2_c2_5r3s1o,0.871083
t2_c2_5r3s2o,0.694843
t2_c2_5r3s2o,0.700270
t2_c2_5r3s2o,0.805432
t2_c2_5r3s2o,1.097243
t2_c2_5r3s2o,1.078731
t2_c2_5r3s2o,1.087705
t2_c2_5r3s2o,0.900732
t2_c2_5r3s2o,0.671258
t2_c2_5r3s2o,0.703646
t2_c2_5r3s2o,0.693445
t2_c2_5r3s3o,0.727360
t2_c2_5r3s3o,0.692499
t2_c2_5r3s3o,0.903064
t2_c2_5r3s3o,1.082196
t2_c2_5r3s3o,1.075348
t2_c2_5r3s3o,1.085376
t2_c2_5r3s3o,0.811648
t2_c2_5r3s3o,0.709803
t2_c2_5r3s3o,0.672284
t2_c2_5r3s3o,0.700215
t2_c2_5r3s4o,0.706857
t2_c2_5r3s4o,0.686501
t2_c2_5r3s4o,0.972919
t2_c2_5r3s4o,1.074249
t2_c2_5r3s4o,1.085411
t2_c2_5r3s4o,1.107359
t2_c2_5r3s4o,0.725534
t2_c2_5r3s4o,0.694572
t2_c2_5r3s4o,0.714351
t2_c2_5r3s4o,0.672694
t2_c2_5r4s1o,0.707086
t2_c2_5r4s1o,0.692355
t2_c2_5r4s1o,1.069062
t2_c2_5r4s1o,1.101626
t2_c2_5r4s1o,1.101122
t2_c2_5r4s1o,1.011900
t2_c2_5r4s1o,0.670145
t2_c2_5r4s1o,0.711785
t2_c2_5r4s1o,0.695266
t2_c2_5r4s1o,0.716224
t2_c2_5r4s1ostride,0.720012
t2_c2_5r4s1ostride,0.883879
t2_c2_5r4s1ostride,1.102995
t2_c2_5r4s1ostride,1.096766
t2_c2_5r4s1ostride,1.102487
t2_c2_5r4s1ostride,0.855996
t2_c2_5r4s1ostride,0.699089
t2_c2_5r4s1ostride,0.718033
t2_c2_5r4s1ostride,0.714945
t2_c2_5r4s1ostride,0.886058
t2_c2_5r4s2o,0.686339
t2_c2_5r4s2o,1.065774
t2_c2_5r4s2o,1.098132
t2_c2_5r4s2o,1.090568
t2_c2_5r4s2o,1.057522
t2_c2_5r4s2o,0.867787
t2_c2_5r4s2o,0.668565
t2_c2_5r4s2o,0.872151
t2_c2_5r4s2o,0.886983
t2_c2_5r4s2o,0.683424
t2_c2_5r4s2operm,1.037729
t2_c2_5r4s2operm,1.077819
t2_c2_5r4s2operm,1.089130
t2_c2_5r4s2operm,1.063457
t2_c2_5r4s2operm,0.686977
t2_c2_5r4s2operm,0.708052
t2_c2_5r4s2operm,0.694594
t2_c2_5r4s2operm,0.697556
t2_c2_5r4s2operm,0.870109
t2_c2_5r4s2operm,0.842432
t2_c2_5r4s3o,1.084960
t2_c2_5r4s3o,1.085183
t2_c2_5r4s3o,1.093795
t2_c2_5r4s3o,0.954225
t2_c2_5r4s3o,0.875399
t2_c2_5r4s3o,0.880856
t2_c2_5r4s3o,0.695288
t2_c2_5r4s3o,0.679856
t2_c2_5r4s3o,0.784784
t2_c2_5r4s3o,1.097224
t2_c2_5r4s4o,1.081826
t2_c2_5r4s4o,1.087261
t2_c2_5r4s4o,0.985228
t2_c2_5r4s4o,0.687469
t2_c2_5r4s4o,0.700127
t2_c2_5r4s4o,0.864055
t2_c2_5r4s4o,0.706040
t2_c2_5r4s4o,0.890114
t2_c2_5r4s4o,1.089789
t2_c2_5r4s4o,1.075748
t2_c2_5r7s2o,1.088615
t2_c2_5r7s2o,0.996599
t2_c2_5r7s2o,0.679145
t2_c2_5r7s2o,0.687521
t2_c2_5r7s2o,0.692981
t2_c2_5r7s2o,0.701826
t2_c2_5r7s2o,0.693223
t2_c2_5r7s2o,0.775770
t2_c2_5r7s2o,1.076141
t2_c2_5r7s2o,1.090524
t2_c2_5r8s1o,1.116546
t2_c2_5r8s1o,0.976438
t2_c2_5r8s1o,0.714536
t2_c2_5r8s1o,0.872600
t2_c2_5r8s1o,0.878580
t2_c2_5r8s1o,0.679044
t2_c2_5r8s1o,0.862846
t2_c2_5r8s1o,0.715328
t2_c2_5r8s1o,0.718451
t2_c2_5r8s1o,0.730874
t2_c2_5r8s2o,0.722210
t2_c2_5r8s2o,0.705179
t2_c2_5r8s2o,0.923733
t2_c2_5r8s2o,1.095106
t2_c2_5r8s2o,1.086947
t2_c2_5r8s2o,1.104673
t2_c2_5r8s2o,0.792752
t2_c2_5r8s2o,0.667501
t2_c2_5r8s2o,0.694080
t2_c2_5r8s2o,0.710952
t2_c2_5r8s3o,0.698376
t2_c2_5r8s3o,0.871051
t2_c2_5r8s3o,0.686721
t2_c2_5r8s3o,0.696722
t2_c2_5r8s3o,0.698910
t2_c2_5r8s3o,0.698718
t2_c2_5r8s3o,0.725494
t2_c2_5r8s3o,0.740839
t2_c2_5r8s3o,1.081477
t2_c2_5r8s3o,1.087664
t2_c2_5r8s4o,1.085917
t2_c2_5r8s4o,0.958352
t2_c2_5r8s4o,0.847087
t2_c2_5r8s4o,0.684051
t2_c2_5r8s4o,0.729580
t2_c2_5r8s4o,0.723291
t2_c2_5r8s4o,0.716869
t2_c2_5r8s4o,0.959272
t2_c2_5r8s4o,1.088724
t2_c2_5r8s4o,1.100859
t2_c2_6r15s3o,1.074045
t2_c2_6r15s3o,0.761976
t2_c2_6r15s3o,0.698169
t2_c2_6r15s3o,0.695146
t2_c2_6r15s3o,0.708184
t2_c2_6r15s3o,0.705144
t2_c2_6r15s3o,0.708659
t2_c2_6r15s3o,1.047347
t2_c2_6r15s3o,1.077553
t2_c2_6r15s3o,1.085348
t2_c2_6r16s5o,1.064577
t2_c2_6r16s5o,0.866071
t2_c2_6r16s5o,0.705283
t2_c2_6r16s5o,0.674404
t2_c2_6r16s5o,0.693655
t2_c2_6r16s5o,0.683538
t2_c2_6r16s5o,0.820787
t2_c2_6r16s5o,1.075794
t2_c2_6r16s5o,1.080022
t2_c2_6r16s5o,1.085054
t2_c2_6r2s1o,0.877789
t2_c2_6r2s1o,0.672603
t2_c2_6r2s1o,0.692104
t2_c2_6r2s1o,0.696885
t2_c2_6r2s1o,0.880804
t2_c2_6r2s1o,0.686335
t2_c2_6r2s1o,0.987045
t2_c2_6r2s1o,1.090984
t2_c2_6r2s1o,1.089835
t2_c2_6r2s1o,1.079718
t2_c2_6r2s2o,0.701680
t2_c2_6r2s2o,0.854106
t2_c2_6r2s2o,0.690426
t2_c2_6r2s2o,0.717470
t2_c2_6r2s2o,0.726050
t2_c2_6r2s2o,0.781682
t2_c2_6r2s2o,1.098522
t2_c2_6r2s2o,1.077589
t2_c2_6r2s2o,1.082535
t2_c2_6r2s2o,0.934799
t2_c2_6r2s3o,0.728446
t2_c2_6r2s3o,0.690205
t2_c2_6r2s3o,0.860987
t2_c2_6r2s3o,0.684734
t2_c2_6r2s3o,0.688798
t2_c2_6r2s3o,0.971607
t2_c2_6r2s3o,1.095297
t2_c2_6r2s3o,1.077793
t2_c2_6r2s3o,1.080712
t2_c2_6r2s3o,0.870574
t2_c2_6r2s5o,0.685882
t2_c2_6r2s5o,0.691429
t2_c2_6r2s5o,0.710493
t2_c2_6r2s5o,0.703354
t2_c2_6r2s5o,0.870267
t2_c2_6r2s5o,0.685760
t2_c2_6r2s5o,0.697639
t2_c2_6r2s5o,0.697059
t2_c2_6r2s5o,0.703735
t2_c2_6r2s5o,0.714091
t2_c2_6r3s1o,0.875365
t2_c2_6r3s1o,1.103080
t2_c2_6r3s1o,1.087132
t2_c2_6r3s1o,1.089971
t2_c2_6r3s1o,0.823685
t2_c2_6r3s1o,0.863506
t2_c2_6r3s1o,0.693132
t2_c2_6r3s1o,0.869669
t2_c2_6r3s1o,0.888422
t2_c2_6r3s1o,0.887170
t2_c2_6r3s2o,1.088571
t2_c2_6r3s2o,1.096787
t2_c2_6r3s2o,1.083943
t2_c2_6r3s2o,0.813066
t2_c2_6r3s2o,0.690481
t2_c2_6r3s2o,0.686038
t2_c2_6r3s2o,0.698095
t2_c2_6r3s2o,0.682507
t2_c2_6r3s2o,0.712048
t2_c2_6r3s2o,0.986585
t2_c2_6r3s3o,1.096682
t2_c2_6r3s3o,1.073198
t2_c2_6r3s3o,1.103450
t2_c2_6r3s3o,0.729018
t2_c2_6r3s3o,0.666546
t2_c2_6r3s3o,0.687091
t2_c2_6r3s3o,0.699774
t2_c2_6r3s3o,0.712401
t2_c2_6r3s3o,0.669312
t2_c2_6r3s3o,1.044381
t2_c2_6r4s1o,1.089486
t2_c2_6r4s1o,1.098151
t2_c2_6r4s1o,1.069496
t2_c2_6r4s1o,0.712344
t2_c2_6r4s1o,0.673552
t2_c2_6r4s1o,0.685606
t2_c2_6r4s1o,0.694626
t2_c2_6r4s1o,0.718180
t2_c2_6r4s1o,0.740319
t2_c2_6r4s1o,1.101377
t2_c2_6r4s2o,1.084220
t2_c2_6r4s2o,1.097957
t2_c2_6r4s2o,0.949699
t2_c2_6r4s2o,0.688909
t2_c2_6r4s2o,0.707973
t2_c2_6r4s2o,0.694608
t2_c2_6r4s2o,0.672595
t2_c2_6r4s2o,0.723639
t2_c2_6r4s2o,0.899529
t2_c2_6r4s2o,0.884516
t2_c2_6r4s2ostride,0.710594
t2_c2_6r4s2ostride,0.693568
t2_c2_6r4s2ostride,0.863232
t2_c2_6r4s2ostride,0.764495
t2_c2_6r4s2ostride,1.116121
t2_c2_6r4s2ostride,1.086728
t2_c2_6r4s2ostride,1.084580
t2_c2_6r4s2ostride,0.916731
t2_c2_6r4s2ostride,0.706368
t2_c2_6r4s2ostride,0.877237
t2_c2_6r4s3o,0.697269
t2_c2_6r4s3o,0.891640
t2_c2_6r4s3o,0.880015
t2_c2_6r4s3o,0.687766
t2_c2_6r4s3o,0.699920
t2_c2_6r4s3o,0.873943
t2_c2_6r4s3o,0.692432
t2_c2_6r4s3o,0.868410
t2_c2_6r4s3o,1.011355
t2_c2_6r4s3o,1.080769
t2_c2_6r4s5o,1.085960
t2_c2_6r4s5o,1.093196
t2_c2_6r4s5o,0.692241
t2_c2_6r4s5o,0.717406
t2_c2_6r4s5o,0.878538
t2_c2_6r4s5o,0.684542
t2_c2_6r4s5o,0.687676
t2_c2_6r4s5o,0.811075
t2_c2_6r4s5o,1.075162
t2_c2_6r4s5o,1.084286
t2_c2_6r5s1o,1.088063
t2_c2_6r5s1o,0.898230
t2_c2_6r5s1o,0.667852
t2_c2_6r5s1o,0.702304
t2_c2_6r5s1o,0.677348
t2_c2_6r5s1o,0.700066
t2_c2_6r5s1o,0.887985
t2_c2_6r5s1o,0.978479
t2_c2_6r5s1o,1.102909
t2_c2_6r5s1o,1.089999
t2_c2_6r5s2o,1.115189
t2_c2_6r5s2o,0.706654
t2_c2_6r5s2o,0.886588
t2_c2_6r5s2o,0.691717
t2_c2_6r5s2o,0.875484
t2_c2_6r5s2o,0.703081
t2_c2_6r5s2o,0.887099
t2_c2_6r5s2o,0.692710
t2_c2_6r5s2o,0.713896
t2_c2_6r5s2o,0.699586
t2_c2_6r5s3o,0.704105
t2_c2_6r5s3o,0.698125
t2_c2_6r5s3o,1.035683
t2_c2_6r5s3o,1.090912
t2_c2_6r5s3o,1.074437
t2_c2_6r5s3o,1.066611
t2_c2_6r5s3o,0.682101
t2_c2_6r5s3o,0.857337
t2_c2_6r5s3o,0.685264
t2_c2_6r5s3o,0.703125
t2_c2_6r7s3o,0.717405
t2_c2_6r7s3o,0.841561
t2_c2_6r7s3o,1.069719
t2_c2_6r7s3o,1.095275
t2_c2_6r7s3o,1.089922
t2_c2_6r7s3o,0.882802
t2_c2_6r7s3o,0.694193
t2_c2_6r7s3o,0.706355
t2_c2_6r7s3o,0.697461
t2_c2_6r7s3o,0.710879
t2_c2_6r8s2o,0.700668
t2_c2_6r8s2o,0.872109
t2_c2_6r8s2o,0.731576
t2_c2_6r8s2o,0.698476
t2_c2_6r8s2o,0.705230
t2_c2_6r8s2o,0.738750
t2_c2_6r8s2o,0.757107
t2_c2_6r8s2o,1.076650
t2_c2_6r8s2o,1.090601
t2_c2_6r8s2o,1.079532
t2_c2_6r8s3o,1.022578
t2_c2_6r8s3o,0.663003
t2_c2_6r8s3o,0.700783
t2_c2_6r8s3o,0.709979
t2_c2_6r8s3o,0.712226
t2_c2_6r8s3o,0.693999
t2_c2_6r8s3o,0.838192
t2_c2_6r8s3o,1.073401
t2_c2_6r8s3o,1.072791
t2_c2_6r8s3o,1.091742
t2_c2_6r8s5o,0.886768
t2_c2_6r8s5o,0.860281
t2_c2_6r8s5o,0.668074
t2_c2_6r8s5o,0.718491
t2_c2_6r8s5o,0.709218
t2_c2_6r8s5o,0.711742
t2_c2_6r8s5o,1.030039
t2_c2_6r8s5o,1.081872
t2_c2_6r8s5o,1.107488
t2_c2_6r8s5o,1.064048
t2_c2_7r4s6o,0.694865
t2_c2_7r4s6o,0.712602
t2_c2_7r4s6o,0.879780
t2_c2_7r4s6o,0.881216
t2_c2_7r4s6o,0.686336
t2_c2_7r4s6o,0.869615
t2_c2_7r4s6o,0.691809
t2_c2_7r4s6o,0.711581
t2_c2_7r4s6o,0.690842
t2_c2_7r4s6o,0.703031
t2_c2_8r2s7o,0.726982
t2_c2_8r2s7o,1.075723
t2_c2_8r2s7o,1.079153
t2_c2_8r2s7o,1.102327
t2_c2_8r2s7o,1.038154
t2_c2_8r2s7o,0.714841
t2_c2_8r2s7o,0.690828
t2_c2_8r2s7o,0.709069
t2_c2_8r2s7o,0.714757
t2_c2_8r2s7o,0.725151
t2_c2_8r4s7o,0.833072
t2_c2_8r4s7o,1.076022
t2_c2_8r4s7o,1.076801
t2_c2_8r4s7o,1.084191
t2_c2_8r4s7o,0.879357
t2_c2_8r4s7o,0.712357
t2_c2_8r4s7o,0.881211
t2_c2_8r4s7o,0.707195
t2_c2_8r4s7o,0.704420
t2_c2_8r4s7o,0.713497
t2_c2_8r8s7o,1.056350
t2_c2_8r8s7o,1.077075
t2_c2_8r8s7o,1.111301
t2_c2_8r8s7o,1.062663
t2_c2_8r8s7o,0.717117
t2_c2_8r8s7o,0.670949
t2_c2_8r8s7o,0.863882
t2_c2_8r8s7o,0.702454
t2_c2_8r8s7o,0.728862
t2_c2_8r8s7o,0.880634
t2_c2_rect0,1.098456
t2_c2_rect0,1.077639
t2_c2_rect0,1.078794
t2_c2_rect0,0.822417
t2_c2_rect0,0.697341
t2_c2_rect0,0.851403
t2_c2_rect0,0.687838
t2_c2_rect0,0.703359
t2_c2_rect0,0.698675
t2_c2_rect0,1.041396
t2_c2_rect1,1.088948
t2_c2_rect1,1.082449
t2_c2_rect1,1.052433
t2_c2_rect1,0.685992
t2_c2_rect1,0.707189
t2_c2_rect1,0.691055
t2_c2_rect1,0.708539
t2_c2_rect1,0.696959
t2_c2_rect1,0.750280
t2_c2_rect1,1.076080
t3_c1_13r3s12o,2.613597
t3_c1_13r3s12o,1.921272
t3_c1_13r3s12o,1.802787
t3_c1_13r3s12o,2.204642
t3_c1_13r3s12o,2.646709
t3_c1_13r3s12o,1.782173
t3_c1_13r3s12o,1.824040
t3_c1_13r3s12o,2.308565
t3_c1_13r3s12o,2.565027
t3_c1_13r3s12o,1.791221
t3_c1_2r128s1o,0.708045
t3_c1_2r128s1o,0.664224
t3_c1_2r128s1o,0.691474
t3_c1_2r128s1o,0.980626
t3_c1_2r128s1o,1.043813
t3_c1_2r128s1o,1.041517
t3_c1_2r128s1o,1.053231
t3_c1_2r128s1o,0.760178
t3_c1_2r128s1o,0.691226
t3_c1_2r128s1o,0.691116
t3_c1_2r16s1o,0.691279
t3_c1_2r16s1o,0.700815
t3_c1_2r16s1o,0.699875
t3_c1_2r16s1o,1.041763
t3_c1_2r16s1o,1.046434
t3_c1_2r16s1o,1.043891
t3_c1_2r16s1o,1.065473
t3_c1_2r16s1o,0.670708
t3_c1_2r16s1o,0.675562
t3_c1_2r16s1o,0.695559
t3_c1_2r256s1o,0.963783
t3_c1_2r256s1o,0.938526
t3_c1_2r256s1o,1.332822
t3_c1_2r256s1o,1.448788
t3_c1_2r256s1o,1.455881
t3_c1_2r256s1o,0.946644
t3_c1_2r256s1o,0.973854
t3_c1_2r256s1o,1.178394
t3_c1_2r256s1o,0.909653
t3_c1_2r256s1o,1.291538
t3_c1_2r2s1o,1.065863
t3_c1_2r2s1o,1.048155
t3_c1_2r2s1o,1.040331
t3_c1_2r2s1o,0.663780
t3_c1_2r2s1o,0.832748
t3_c1_2r2s1o,0.696055
t3_c1_2r2s1o,0.647898
t3_c1_2r2s1o,0.694943
t3_c1_2r2s1o,0.723586
t3_c1_2r2s1o,1.043459
t3_c1_2r32s1o,1.060019
t3_c1_2r32s1o,1.057341
t3_c1_2r32s1o,0.973331
t3_c1_2r32s1o,0.664103
t3_c1_2r32s1o,0.834226
t3_c1_2r32s1o,0.667074
t3_c1_2r32s1o,0.692152
t3_c1_2r32s1o,0.664736
t3_c1_2r32s1o,0.840727
t3_c1_2r32s1o,0.666208
t3_c1_2r4s1o,0.678005
t3_c1_2r4s1o,0.680296
t3_c1_2r4s1o,0.700491
t3_c1_2r4s1o,0.669774
t3_c1_2r4s1o,0.833833
t3_c1_2r4s1o,1.072168
t3_c1_2r4s1o,1.043257
t3_c1_2r4s1o,1.066507
t3_c1_2r4s1o,0.925967
t3_c1_2r4s1o,0.651027
t3_c1_2r64s1o,0.658602
t3_c1_2r64s1o,0.680954
t3_c1_2r64s1o,0.845377
t3_c1_2r64s1o,0.666993
t3_c1_2r64s1o,0.933097
t3_c1_2r64s1o,1.041348
t3_c1_2r64s1o,1.053922
t3_c1_2r64s1o,1.052612
t3_c1_2r64s1o,0.778744
t3_c1_2r64s1o,0.649838
t3_c1_2r8s1o,0.652462
t3_c1_2r8s1o,0.672542
t3_c1_2r8s1o,0.676837
t3_c1_2r8s1o,0.695791
t3_c1_2r8s1o,0.872179
t3_c1_2r8s1o,1.067737
t3_c1_2r8s1o,1.060070
t3_c1_2r8s1o,1.056662
t3_c1_2r8s1o,0.905110
t3_c1_2r8s1o,0.688528
t3_c1_3r127s1o,2.804093
t3_c1_3r127s1o,4.200158
t3_c1_3r127s1o,2.945972
t3_c1_3r127s1o,3.580882
t3_c1_3r127s1o,3.383727
t3_c1_3r127s1o,3.733653
t3_c1_3r127s1o,3.596782
t3_c1_3r127s1o,2.979444
t3_c1_3r127s1o,3.916802
t3_c1_3r127s1o,3.185942
t3_c1_3r16s1o,0.974476
t3_c1_3r16s1o,1.027673
t3_c1_3r16s1o,1.467922
t3_c1_3r16s1o,1.450444
t3_c1_3r16s1o,1.293862
t3_c1_3r16s1o,0.948363
t3_c1_3r16s1o,0.947651
t3_c1_3r16s1o,0.951947
t3_c1_3r16s1o,0.947073
t3_c1_3r16s1o,1.405653
t3_c1_3r16s2o,1.071071
t3_c1_3r16s2o,1.060979
t3_c1_3r16s2o,0.933751
t3_c1_3r16s2o,0.827904
t3_c1_3r16s2o,0.668254
t3_c1_3r16s2o,0.686438
t3_c1_3r16s2o,0.710716
t3_c1_3r16s2o,0.693619
t3_c1_3r16s2o,0.866529
t3_c1_3r16s2o,1.079178
t3_c1_3r2s1o,1.076867
t3_c1_3r2s1o,1.076939
t3_c1_3r2s1o,0.805660
t3_c1_3r2s1o,0.687780
t3_c1_3r2s1o,0.679476
t3_c1_3r2s1o,0.853664
t3_c1_3r2s1o,0.688185
t3_c1_3r2s1o,0.676915
t3_c1_3r2s1o,1.018791
t3_c1_3r2s1o,1.067338
t3_c1_3r2s1orect,1.086059
t3_c1_3r2s1orect,1.073890
t3_c1_3r2s1orect,0.698886
t3_c1_3r2s1orect,0.691343
t3_c1_3r2s1orect,0.713878
t3_c1_3r2s1orect,0.689310
t3_c1_3r2s1orect,0.716363
t3_c1_3r2s1orect,0.703530
t3_c1_3r2s1orect,1.080970
t3_c1_3r2s1orect,1.095381
t3_c1_3r2s2o,1.069780
t3_c1_3r2s2o,0.996109
t3_c1_3r2s2o,0.666982
t3_c1_3r2s2o,0.723270
t3_c1_3r2s2o,0.688676
t3_c1_3r2s2o,0.683252
t3_c1_3r2s2o,0.701963
t3_c1_3r2s2o,0.743230
t3_c1_3r2s2o,1.052563
t3_c1_3r2s2o,1.063194
t3_c1_3r32s1o,2.526446
t3_c1_3r32s1o,1.945266
t3_c1_3r32s1o,2.061328
t3_c1_3r32s1o,2.808478
t3_c1_3r32s1o,2.216609
t3_c1_3r32s1o,1.895131
t3_c1_3r32s1o,2.327239
t3_c1_3r32s1o,2.769845
t3_c1_3r32s1o,1.928498
t3_c1_3r32s1o,2.385239
t3_c1_3r32s2o,0.791533
t3_c1_3r32s2o,1.007012
t3_c1_3r32s2o,0.804065
t3_c1_3r32s2o,0.846226
t3_c1_3r32s2o,1.071750
t3_c1_3r32s2o,1.247103
t3_c1_3r32s2o,1.270751
t3_c1_3r32s2o,1.155634
t3_c1_3r32s2o,0.828531
t3_c1_3r32s2o,1.018506
t3_c1_3r4s1o,0.666308
t3_c1_3r4s1o,0.854404
t3_c1_3r4s1o,0.740030
t3_c1_3r4s1o,1.070423
t3_c1_3r4s1o,1.086363
t3_c1_3r4s1o,1.072304
t3_c1_3r4s1o,0.985719
t3_c1_3r4s1o,0.658766
t3_c1_3r4s1o,0.686985
t3_c1_3r4s1o,0.667926
t3_c1_3r4s2o,0.681572
t3_c1_3r4s2o,0.680537
t3_c1_3r4s2o,0.728136
t3_c1_3r4s2o,1.073491
t3_c1_3r4s2o,1.061108
t3_c1_3r4s2o,1.052662
t3_c1_3r4s2o,0.989254
t3_c1_3r4s2o,0.671572
t3_c1_3r4s2o,0.656667
t3_c1_3r4s2o,0.699381
t3_c1_3r64s1o,3.331277
t3_c1_3r64s1o,3.781730
t3_c1_3r64s1o,3.601945
t3_c1_3r64s1o,3.610763
t3_c1_3r64s1o,4.210084
t3_c1_3r64s1o,2.873991
t3_c1_3r64s1o,3.645693
t3_c1_3r64s1o,3.883547
t3_c1_3r64s1o,3.286196
t3_c1_3r64s1o,3.827000
t3_c1_3r7s1o,0.701333
t3_c1_3r7s1o,0.667018
t3_c1_3r7s1o,0.679858
t3_c1_3r7s1o,0.685391
t3_c1_3r7s1o,0.786615
t3_c1_3r7s1o,1.078372
t3_c1_3r7s1o,1.089990
t3_c1_3r7s1o,1.085508
t3_c1_3r7s1o,0.913101
t3_c1_3r7s1o,0.676110
t3_c1_3r8s1o,0.676527
t3_c1_3r8s1o,0.703616
t3_c1_3r8s1o,0.857290
t3_c1_3r8s1o,0.698170
t3_c1_3r8s1o,0.921377
t3_c1_3r8s1o,1.067683
t3_c1_3r8s1o,1.087877
t3_c1_3r8s1o,1.061035
t3_c1_3r8s1o,0.766013
t3_c1_3r8s1o,0.682325
t3_c1_3r8s2o,0.711013
t3_c1_3r8s2o,0.850894
t3_c1_3r8s2o,0.673072
t3_c1_3r8s2o,0.845909
t3_c1_3r8s2o,0.692863
t3_c1_3r8s2o,0.855625
t3_c1_3r8s2o,0.668358
t3_c1_3r8s2o,0.704600
t3_c1_3r8s2o,0.682401
t3_c1_3r8s2o,0.851496
t3_c1_4r16s1o,3.024748
t3_c1_4r16s1o,2.291600
t3_c1_4r16s1o,2.105836
t3_c1_4r16s1o,2.759413
t3_c1_4r16s1o,2.607153
t3_c1_4r16s1o,2.022022
t3_c1_4r16s1o,2.334133
t3_c1_4r16s1o,3.023710
t3_c1_4r16s1o,2.083288
t3_c1_4r16s1o,2.018062
t3_c1_4r16s2o,1.364217
t3_c1_4r16s2o,1.448101
t3_c1_4r16s2o,1.429903
t3_c1_4r16s2o,0.958237
t3_c1_4r16s2o,1.155786
t3_c1_4r16s2o,0.932117
t3_c1_4r16s2o,0.943695
t3_c1_4r16s2o,1.282785
t3_c1_4r16s2o,1.428723
t3_c1_4r16s2o,1.452301
t3_c1_4r16s3o,1.057282
t3_c1_4r16s3o,1.172759
t3_c1_4r16s3o,0.992040
t3_c1_4r16s3o,1.191568
t3_c1_4r16s3o,0.937754
t3_c1_4r16s3o,0.945856
t3_c1_4r16s3o,0.916498
t3_c1_4r16s3o,1.179495
t3_c1_4r16s3o,1.364077
t3_c1_4r16s3o,1.463591
t3_c1_4r2s1o,1.091967
t3_c1_4r2s1o,0.908459
t3_c1_4r2s1o,0.854751
t3_c1_4r2s1o,0.695345
t3_c1_4r2s1o,0.872299
t3_c1_4r2s1o,0.706330
t3_c1_4r2s1o,0.822831
t3_c1_4r2s1o,1.061360
t3_c1_4r2s1o,1.061150
t3_c1_4r2s1o,1.084411
t3_c1_4r2s2o,0.895935
t3_c1_4r2s2o,0.650716
t3_c1_4r2s2o,0.676376
t3_c1_4r2s2o,0.689916
t3_c1_4r2s2o,0.668400
t3_c1_4r2s2o,0.843485
t3_c1_4r2s2o,0.835537
t3_c1_4r2s2o,1.057306
t3_c1_4r2s2o,1.046846
t3_c1_4r2s2o,1.067479
t3_c1_4r2s2omixed,0.875203
t3_c1_4r2s2omixed,0.679236
t3_c1_4r2s2omixed,0.699092
t3_c1_4r2s2omixed,0.682746
t3_c1_4r2s2omixed,0.706670
t3_c1_4r2s2omixed,0.692889
t3_c1_4r2s2omixed,0.850237
t3_c1_4r2s2omixed,0.683496
t3_c1_4r2s2omixed,0.678724
t3_c1_4r2s2omixed,0.853042
t3_c1_4r2s3o,0.711354
t3_c1_4r2s3o,0.864271
t3_c1_4r2s3o,0.867637
t3_c1_4r2s3o,0.673455
t3_c1_4r2s3o,0.703929
t3_c1_4r2s3o,0.866362
t3_c1_4r2s3o,0.676536
t3_c1_4r2s3o,0.987611
t3_c1_4r2s3o,1.074077
t3_c1_4r2s3o,1.066995
t3_c1_4r31s2o,2.389231
t3_c1_4r31s2o,1.675441
t3_c1_4r31s2o,2.182583
t3_c1_4r31s2o,1.783376
t3_c1_4r31s2o,1.955719
t3_c1_4r31s2o,2.587930
t3_c1_4r31s2o,2.080407
t3_c1_4r31s2o,1.772889
t3_c1_4r31s2o,2.002013
t3_c1_4r31s2o,2.584632
t3_c1_4r3s1o,1.023458
t3_c1_4r3s1o,0.691519
t3_c1_4r3s1o,0.695840
t3_c1_4r3s1o,0.781508
t3_c1_4r3s1o,0.706423
t3_c1_4r3s1o,0.703533
t3_c1_4r3s1o,0.818737
t3_c1_4r3s1o,1.058057
t3_c1_4r3s1o,1.073033
t3_c1_4r3s1o,1.069785
t3_c1_4r3s2o,0.866243
t3_c1_4r3s2o,0.663570
t3_c1_4r3s2o,0.648899
t3_c1_4r3s2o,0.672797
t3_c1_4r3s2o,0.673610
t3_c1_4r3s2o,0.683623
t3_c1_4r3s2o,0.776535
t3_c1_4r3s2o,1.054442
t3_c1_4r3s2o,1.061137
t3_c1_4r3s2o,1.047769
t3_c1_4r4s1o,0.935148
t3_c1_4r4s1o,0.826032
t3_c1_4r4s1o,0.671551
t3_c1_4r4s1o,0.660890
t3_c1_4r4s1o,0.854201
t3_c1_4r4s1o,0.656794
t3_c1_4r4s1o,0.918393
t3_c1_4r4s1o,1.070752
t3_c1_4r4s1o,1.081755
t3_c1_4r4s1o,1.063752
t3_c1_4r4s2o,0.758301
t3_c1_4r4s2o,0.675068
t3_c1_4r4s2o,0.651889
t3_c1_4r4s2o,0.672324
t3_c1_4r4s2o,0.679541
t3_c1_4r4s2o,0.682797
t3_c1_4r4s2o,0.876256
t3_c1_4r4s2o,1.055006
t3_c1_4r4s2o,1.072254
t3_c1_4r4s2o,1.045928
t3_c1_4r4s3o,0.921978
t3_c1_4r4s3o,0.671217
t3_c1_4r4s3o,0.701069
t3_c1_4r4s3o,0.660170
t3_c1_4r4s3o,0.855340
t3_c1_4r4s3o,0.679688
t3_c1_4r4s3o,1.058234
t3_c1_4r4s3o,1.073173
t3_c1_4r4s3o,1.073667
t3_c1_4r4s3o,1.052996
t3_c1_4r7s1o,1.160051
t3_c1_4r7s1o,1.356631
t3_c1_4r7s1o,1.112348
t3_c1_4r7s1o,1.449350
t3_c1_4r7s1o,1.744750
t3_c1_4r7s1o,1.625561
t3_c1_4r7s1o,1.170634
t3_c1_4r7s1o,1.143677
t3_c1_4r7s1o,1.152596
t3_c1_4r7s1o,1.471675
t3_c1_4r7s2o,1.042732
t3_c1_4r7s2o,1.043692
t3_c1_4r7s2o,1.055157
t3_c1_4r7s2o,0.668875
t3_c1_4r7s2o,0.675156
t3_c1_4r7s2o,0.675070
t3_c1_4r7s2o,0.675452
t3_c1_4r7s2o,0.835977
t3_c1_4r7s2o,0.677206
t3_c1_4r7s2o,1.073749
t3_c1_4r8s1o,2.618931
t3_c1_4r8s1o,2.238479
t3_c1_4r8s1o,2.190743
t3_c1_4r8s1o,2.510378
t3_c1_4r8s1o,2.356249
t3_c1_4r8s1o,1.797462
t3_c1_4r8s1o,2.186237
t3_c1_4r8s1o,1.676790
t3_c1_4r8s1o,1.770586
t3_c1_4r8s1o,2.440935
t3_c1_4r8s1operm,2.422182
t3_c1_4r8s1operm,1.754303
t3_c1_4r8s1operm,1.805466
t3_c1_4r8s1operm,2.515028
t3_c1_4r8s1operm,2.360009
t3_c1_4r8s1operm,1.758102
t3_c1_4r8s1operm,1.754738
t3_c1_4r8s1operm,2.584274
t3_c1_4r8s1operm,2.309907
t3_c1_4r8s1operm,1.754672
t3_c1_4r8s1operm2,1.826045
t3_c1_4r8s1operm2,2.660596
t3_c1_4r8s1operm2,2.216348
t3_c1_4r8s1operm2,1.803425
t3_c1_4r8s1operm2,2.189106
t3_c1_4r8s1operm2,2.638964
t3_c1_4r8s1operm2,2.017581
t3_c1_4r8s1operm2,1.760110
t3_c1_4r8s1operm2,1.953939
t3_c1_4r8s1operm2,2.640157
t3_c1_4r8s2o,0.969398
t3_c1_4r8s2o,0.662208
t3_c1_4r8s2o,0.650478
t3_c1_4r8s2o,0.681499
t3_c1_4r8s2o,0.693877
t3_c1_4r8s2o,0.697112
t3_c1_4r8s2o,0.754111
t3_c1_4r8s2o,1.068643
t3_c1_4r8s2o,1.065198
t3_c1_4r8s2o,1.078334
t3_c1_4r8s3o,0.958685
t3_c1_4r8s3o,0.675662
t3_c1_4r8s3o,0.697780
t3_c1_4r8s3o,0.691320
t3_c1_4r8s3o,0.679776
t3_c1_4r8s3o,0.693375
t3_c1_4r8s3o,0.776039
t3_c1_4r8s3o,1.083396
t3_c1_4r8s3o,1.084455
t3_c1_4r8s3o,1.060989
t3_c1_5r15s2o,3.136342
t3_c1_5r15s2o,3.504392
t3_c1_5r15s2o,3.663107
t3_c1_5r15s2o,2.945090
t3_c1_5r15s2o,4.200462
t3_c1_5r15s2o,2.977350
t3_c1_5r15s2o,3.980518
t3_c1_5r15s2o,3.348975
t3_c1_5r15s2o,3.488922
t3_c1_5r15s2o,3.762245
t3_c1_5r16s1o,2.802832
t3_c1_5r16s1o,4.186118
t3_c1_5r16s1o,2.946013
t3_c1_5r16s1o,3.679869
t3_c1_5r16s1o,3.550821
t3_c1_5r16s1o,3.183437
t3_c1_5r16s1o,4.022622
t3_c1_5r16s1o,2.890008
t3_c1_5r16s1o,3.912425
t3_c1_5r16s1o,3.116051
t3_c1_5r16s2o,3.433484
t3_c1_5r16s2o,3.981368
t3_c1_5r16s2o,2.961270
t3_c1_5r16s2o,4.162680
t3_c1_5r16s2o,2.890915
t3_c1_5r16s2o,3.604847
t3_c1_5r16s2o,3.467256
t3_c1_5r16s2o,3.598858
t3_c1_5r16s2o,3.593099
t3_c1_5r16s2o,3.607182
t3_c1_5r2s1o,0.696851
t3_c1_5r2s1o,0.673444
t3_c1_5r2s1o,0.690648
t3_c1_5r2s1o,0.864550
t3_c1_5r2s1o,0.669786
t3_c1_5r2s1o,0.892768
t3_c1_5r2s1o,1.070592
t3_c1_5r2s1o,1.069553
t3_c1_5r2s1o,1.069243
t3_c1_5r2s1o,0.899051
t3_c1_5r2s2o,0.689179
t3_c1_5r2s2o,0.698512
t3_c1_5r2s2o,0.699231
t3_c1_5r2s2o,0.702834
t3_c1_5r2s2o,0.675255
t3_c1_5r2s2o,1.004370
t3_c1_5r2s2o,1.063048
t3_c1_5r2s2o,1.061257
t3_c1_5r2s2o,1.062744
t3_c1_5r2s2o,0.837837
t3_c1_5r2s3o,0.676310
t3_c1_5r2s3o,0.838817
t3_c1_5r2s3o,0.688139
t3_c1_5r2s3o,0.705638
t3_c1_5r2s3o,0.825901
t3_c1_5r2s3o,1.082243
t3_c1_5r2s3o,1.065840
t3_c1_5r2s3o,1.064750
t3_c1_5r2s3o,0.907488
t3_c1_5r2s3o,0.682739
t3_c1_5r2s4o,0.702749
t3_c1_5r2s4o,0.681013
t3_c1_5r2s4o,0.696235
t3_c1_5r2s4o,0.682384
t3_c1_5r2s4o,0.877061
t3_c1_5r2s4o,1.071228
t3_c1_5r2s4o,1.060173
t3_c1_5r2s4o,1.085093
t3_c1_5r2s4o,0.833970
t3_c1_5r2s4o,0.695042
t3_c1_5r3s1o,0.687153
t3_c1_5r3s1o,0.687342
t3_c1_5r3s1o,0.846546
t3_c1_5r3s1o,0.672408
t3_c1_5r3s1o,0.985059
t3_c1_5r3s1o,1.076471
t3_c1_5r3s1o,1.076365
t3_c1_5r3s1o,1.058175
t3_c1_5r3s1o,0.843699
t3_c1_5r3s1o,0.683010
t3_c1_5r3s2o,0.682549
t3_c1_5r3s2o,0.700179
t3_c1_5r3s2o,0.676938
t3_c1_5r3s2o,0.692798
t3_c1_5r3s2o,1.069643
t3_c1_5r3s2o,1.061812
t3_c1_5r3s2o,1.068352
t3_c1_5r3s2o,1.022597
t3_c1_5r3s2o,0.824745
t3_c1_5r3s2o,0.685232
t3_c1_5r3s3o,0.693909
t3_c1_5r3s3o,0.698950
t3_c1_5r3s3o,0.680437
t3_c1_5r3s3o,0.850234
t3_c1_5r3s3o,0.699946
t3_c1_5r3s3o,0.682747
t3_c1_5r3s3o,0.712999
t3_c1_5r3s3o,0.688459
t3_c1_5r3s3o,0.694494
t3_c1_5r3s3o,0.915288
t3_c1_5r3s4o,1.064691
t3_c1_5r3s4o,1.060093
t3_c1_5r3s4o,1.067990
t3_c1_5r3s4o,0.791557
t3_c1_5r3s4o,0.674996
t3_c1_5r3s4o,0.700754
t3_c1_5r3s4o,0.709792
t3_c1_5r3s4o,0.871118
t3_c1_5r3s4o,0.691465
t3_c1_5r3s4o,1.043466
t3_c1_5r4s1o,1.457383
t3_c1_5r4s1o,1.457136
t3_c1_5r4s1o,1.212808
t3_c1_5r4s1o,0.906066
t3_c1_5r4s1o,1.169260
t3_c1_5r4s1o,0.951303
t3_c1_5r4s1o,1.455283
t3_c1_5r4s1o,1.458600
t3_c1_5r4s1o,1.441818
t3_c1_5r4s1o,0.932257
t3_c1_5r4s1ostride,0.672502
t3_c1_5r4s1ostride,0.681981
t3_c1_5r4s1ostride,0.853000
t3_c1_5r4s1ostride,0.666382
t3_c1_5r4s1ostride,0.902885
t3_c1_5r4s1ostride,1.074736
t3_c1_5r4s1ostride,1.080835
t3_c1_5r4s1ostride,1.070291
t3_c1_5r4s1ostride,0.784608
t3_c1_5r4s1ostride,0.840137
t3_c1_5r4s2o,0.677211
t3_c1_5r4s2o,0.701684
t3_c1_5r4s2o,0.862461
t3_c1_5r4s2o,0.724804
t3_c1_5r4s2o,1.086725
t3_c1_5r4s2o,1.075117
t3_c1_5r4s2o,1.067898
t3_c1_5r4s2o,0.975886
t3_c1_5r4s2o,0.838354
t3_c1_5r4s2o,0.660727
t3_c1_5r4s2operm,0.670612
t3_c1_5r4s2operm,0.662513
t3_c1_5r4s2operm,0.703326
t3_c1_5r4s2operm,0.864815
t3_c1_5r4s2operm,0.657495
t3_c1_5r4s2operm,0.847526
t3_c1_5r4s2operm,0.661519
t3_c1_5r4s2operm,0.853921
t3_c1_5r4s2operm,0.860938
t3_c1_5r4s2operm,0.705543
t3_c1_5r4s3o,0.674367
t3_c1_5r4s3o,0.751987
t3_c1_5r4s3o,0.703578
t3_c1_5r4s3o,0.719687
t3_c1_5r4s3o,0.861204
t3_c1_5r4s3o,0.677242
t3_c1_5r4s3o,0.694950
t3_c1_5r4s3o,0.687994
t3_c1_5r4s3o,0.701693
t3_c1_5r4s3o,0.660744
t3_c1_5r4s4o,0.954008
t3_c1_5r4s4o,1.070417
t3_c1_5r4s4o,1.074638
t3_c1_5r4s4o,1.073725
t3_c1_5r4s4o,0.734752
t3_c1_5r4s4o,0.664303
t3_c1_5r4s4o,0.683657
t3_c1_5r4s4o,0.695247
t3_c1_5r4s4o,0.674492
t3_c1_5r4s4o,0.673722
t3_c1_5r7s2o,1.623052
t3_c1_5r7s2o,1.750892
t3_c1_5r7s2o,1.476232
t3_c1_5r7s2o,1.166002
t3_c1_5r7s2o,1.115406
t3_c1_5r7s2o,1.125953
t3_c1_5r7s2o,1.616261
t3_c1_5r7s2o,1.760132
t3_c1_5r7s2o,1.620287
t3_c1_5r7s2o,1.187107
t3_c1_5r8s1o,2.033215
t3_c1_5r8s1o,2.655424
t3_c1_5r8s1o,2.490829
t3_c1_5r8s1o,2.323972
t3_c1_5r8s1o,2.227973
t3_c1_5r8s1o,2.829427
t3_c1_5r8s1o,2.023588
t3_c1_5r8s1o,1.895007
t3_c1_5r8s1o,2.337193
t3_c1_5r8s1o,2.380122
t3_c1_5r8s2o,1.874403
t3_c1_5r8s2o,1.817384
t3_c1_5r8s2o,2.600130
t3_c1_5r8s2o,2.507939
t3_c1_5r8s2o,1.806524
t3_c1_5r8s2o,1.902824
t3_c1_5r8s2o,2.779258
t3_c1_5r8s2o,2.247424
t3_c1_5r8s2o,1.822967
t3_c1_5r8s2o,2.169149
t3_c1_5r8s3o,1.264386
t3_c1_5r8s3o,1.262477
t3_c1_5r8s3o,1.067613
t3_c1_5r8s3o,0.825329
t3_c1_5r8s3o,0.794126
t3_c1_5r8s3o,0.808463
t3_c1_5r8s3o,0.808170
t3_c1_5r8s3o,0.939136
t3_c1_5r8s3o,1.279670
t3_c1_5r8s3o,1.270881
t3_c1_5r8s4o,1.268405
t3_c1_5r8s4o,0.998102
t3_c1_5r8s4o,0.826200
t3_c1_5r8s4o,0.838542
t3_c1_5r8s4o,0.827293
t3_c1_5r8s4o,0.965170
t3_c1_5r8s4o,1.283499
t3_c1_5r8s4o,1.259678
t3_c1_5r8s4o,1.253560
t3_c1_5r8s4o,0.832940
t3_c1_6r15s3o,1.779167
t3_c1_6r15s3o,2.184503
t3_c1_6r15s3o,1.799827
t3_c1_6r15s3o,1.899043
t3_c1_6r15s3o,2.620786
t3_c1_6r15s3o,2.188085
t3_c1_6r15s3o,1.753826
t3_c1_6r15s3o,1.900348
t3_c1_6r15s3o,2.591233
t3_c1_6r15s3o,2.153636
t3_c1_6r16s5o,1.801166
t3_c1_6r16s5o,1.995424
t3_c1_6r16s5o,2.640396
t3_c1_6r16s5o,2.065062
t3_c1_6r16s5o,1.798617
t3_c1_6r16s5o,2.085024
t3_c1_6r16s5o,2.606972
t3_c1_6r16s5o,1.973648
t3_c1_6r16s5o,1.809449
t3_c1_6r16s5o,2.151480
t3_c1_6r2s1o,1.081863
t3_c1_6r2s1o,1.088898
t3_c1_6r2s1o,0.960108
t3_c1_6r2s1o,0.841351
t3_c1_6r2s1o,0.688129
t3_c1_6r2s1o,0.683401
t3_c1_6r2s1o,0.704573
t3_c1_6r2s1o,0.690816
t3_c1_6r2s1o,0.878490
t3_c1_6r2s1o,1.077534
t3_c1_6r2s2o,1.086520
t3_c1_6r2s2o,1.086244
t3_c1_6r2s2o,0.829183
t3_c1_6r2s2o,0.677135
t3_c1_6r2s2o,0.743645
t3_c1_6r2s2o,0.715885
t3_c1_6r2s2o,0.691186
t3_c1_6r2s2o,0.722586
t3_c1_6r2s2o,1.004080
t3_c1_6r2s2o,1.081387
t3_c1_6r2s3o,1.064123
t3_c1_6r2s3o,1.066513
t3_c1_6r2s3o,0.833969
t3_c1_6r2s3o,0.686221
t3_c1_6r2s3o,0.699578
t3_c1_6r2s3o,0.677987
t3_c1_6r2s3o,0.696576
t3_c1_6r2s3o,0.730698
t3_c1_6r2s3o,1.067959
t3_c1_6r2s3o,1.080583
t3_c1_6r2s5o,1.071898
t3_c1_6r2s5o,0.990554
t3_c1_6r2s5o,0.654923
t3_c1_6r2s5o,0.679297
t3_c1_6r2s5o,0.704345
t3_c1_6r2s5o,0.680575
t3_c1_6r2s5o,0.712492
t3_c1_6r2s5o,0.753270
t3_c1_6r2s5o,1.061827
t3_c1_6r2s5o,1.066232
t3_c1_6r3s1o,1.421607
t3_c1_6r3s1o,1.034385
t3_c1_6r3s1o,0.887808
t3_c1_6r3s1o,0.890842
t3_c1_6r3s1o,0.916165
t3_c1_6r3s1o,0.966542
t3_c1_6r3s1o,1.401683
t3_c1_6r3s1o,1.399647
t3_c1_6r3s1o,1.341463
t3_c1_6r3s1o,0.882962
t3_c1_6r3s2o,0.687347
t3_c1_6r3s2o,0.666194
t3_c1_6r3s2o,0.693110
t3_c1_6r3s2o,0.665051
t3_c1_6r3s2o,0.821913
t3_c1_6r3s2o,1.075075
t3_c1_6r3s2o,1.082860
t3_c1_6r3s2o,1.085893
t3_c1_6r3s2o,0.869478
t3_c1_6r3s2o,0.659771
t3_c1_6r3s3o,0.690911
t3_c1_6r3s3o,0.694278
t3_c1_6r3s3o,0.860694
t3_c1_6r3s3o,0.682382
t3_c1_6r3s3o,0.944061
t3_c1_6r3s3o,1.044643
t3_c1_6r3s3o,1.046904
t3_c1_6r3s3o,1.051491
t3_c1_6r3s3o,0.777370
t3_c1_6r3s3o,0.681894
t3_c1_6r4s1o,1.759772
t3_c1_6r4s1o,2.076066
t3_c1_6r4s1o,2.634494
t3_c1_6r4s1o,1.929485
t3_c1_6r4s1o,1.747535
t3_c1_6r4s1o,2.036327
t3_c1_6r4s1o,2.661372
t3_c1_6r4s1o,2.225434
t3_c1_6r4s1o,2.205076
t3_c1_6r4s1o,2.466224
t3_c1_6r4s2o,1.459631
t3_c1_6r4s2o,1.135826
t3_c1_6r4s2o,0.908236
t3_c1_6r4s2o,0.976046
t3_c1_6r4s2o,0.988985
t3_c1_6r4s2o,1.121317
t3_c1_6r4s2o,1.480774
t3_c1_6r4s2o,1.451210
t3_c1_6r4s2o,1.234018
t3_c1_6r4s2o,1.173227
t3_c1_6r4s2ostride,1.771872
t3_c1_6r4s2ostride,2.244003
t3_c1_6r4s2ostride,2.637239
t3_c1_6r4s2ostride,2.173462
t3_c1_6r4s2ostride,1.754611
t3_c1_6r4s2ostride,2.525749
t3_c1_6r4s2ostride,2.392360
t3_c1_6r4s2ostride,2.080031
t3_c1_6r4s2ostride,2.200088
t3_c1_6r4s2ostride,1.792724
t3_c1_6r4s3o,0.681816
t3_c1_6r4s3o,0.672776
t3_c1_6r4s3o,0.907674
t3_c1_6r4s3o,1.068401
t3_c1_6r4s3o,1.047628
t3_c1_6r4s3o,1.056728
t3_c1_6r4s3o,0.797384
t3_c1_6r4s3o,0.664350
t3_c1_6r4s3o,0.668843
t3_c1_6r4s3o,0.833207
t3_c1_6r4s5o,0.678292
t3_c1_6r4s5o,0.680941
t3_c1_6r4s5o,0.851445
t3_c1_6r4s5o,0.660473
t3_c1_6r4s5o,0.686613
t3_c1_6r4s5o,0.681355
t3_c1_6r4s5o,0.705249
t3_c1_6r4s5o,0.680208
t3_c1_6r4s5o,1.038875
t3_c1_6r4s5o,1.084950
t3_c1_6r5s1o,2.453639
t3_c1_6r5s1o,1.737354
t3_c1_6r5s1o,1.736129
t3_c1_6r5s1o,2.450685
t3_c1_6r5s1o,2.403168
t3_c1_6r5s1o,1.684168
t3_c1_6r5s1o,1.792953
t3_c1_6r5s1o,2.188492
t3_c1_6r5s1o,1.747694
t3_c1_6r5s1o,2.347475
t3_c1_6r5s2o,2.531365
t3_c1_6r5s2o,1.797608
t3_c1_6r5s2o,1.702644
t3_c1_6r5s2o,2.432556
t3_c1_6r5s2o,2.443511
t3_c1_6r5s2o,1.739879
t3_c1_6r5s2o,2.181424
t3_c1_6r5s2o,1.801595
t3_c1_6r5s2o,2.196724
t3_c1_6r5s2o,1.739155
t3_c1_6r5s3o,0.658342
t3_c1_6r5s3o,0.696153
t3_c1_6r5s3o,0.675898
t3_c1_6r5s3o,0.859399
t3_c1_6r5s3o,1.047861
t3_c1_6r5s3o,1.055567
t3_c1_6r5s3o,1.056915
t3_c1_6r5s3o,0.848493
t3_c1_6r5s3o,0.676374
t3_c1_6r5s3o,0.690719
t3_c1_6r7s3o,1.183679
t3_c1_6r7s3o,1.116689
t3_c1_6r7s3o,1.685706
t3_c1_6r7s3o,1.770406
t3_c1_6r7s3o,1.434829
t3_c1_6r7s3o,1.154834
t3_c1_6r7s3o,1.144993
t3_c1_6r7s3o,1.118658
t3_c1_6r7s3o,1.681818
t3_c1_6r7s3o,1.742797
t3_c1_6r8s2o,3.244366
t3_c1_6r8s2o,3.429313
t3_c1_6r8s2o,3.961189
t3_c1_6r8s2o,2.999310
t3_c1_6r8s2o,4.085246
t3_c1_6r8s2o,2.938701
t3_c1_6r8s2o,3.793158
t3_c1_6r8s2o,3.246735
t3_c1_6r8s2o,3.098647
t3_c1_6r8s2o,3.902285
t3_c1_6r8s3o,1.748220
t3_c1_6r8s3o,1.763128
t3_c1_6r8s3o,2.595034
t3_c1_6r8s3o,2.253704
t3_c1_6r8s3o,1.738764
t3_c1_6r8s3o,1.705288
t3_c1_6r8s3o,2.613522
t3_c1_6r8s3o,2.218702
t3_c1_6r8s3o,2.156922
t3_c1_6r8s3o,1.948672
t3_c1_6r8s5o,2.642337
t3_c1_6r8s5o,2.053002
t3_c1_6r8s5o,1.798657
t3_c1_6r8s5o,2.019492
t3_c1_6r8s5o,2.674025
t3_c1_6r8s5o,2.003437
t3_c1_6r8s5o,1.830386
t3_c1_6r8s5o,2.165020
t3_c1_6r8s5o,2.605069
t3_c1_6r8s5o,1.866319
t3_c1_7r4s6o,0.705531
t3_c1_7r4s6o,0.873337
t3_c1_7r4s6o,0.689081
t3_c1_7r4s6o,0.910904
t3_c1_7r4s6o,1.060542
t3_c1_7r4s6o,1.088281
t3_c1_7r4s6o,1.082067
t3_c1_7r4s6o,0.778440
t3_c1_7r4s6o,0.667110
t3_c1_7r4s6o,0.680834
t3_c1_8r2s7o,0.701825
t3_c1_8r2s7o,0.689814
t3_c1_8r2s7o,0.661489
t3_c1_8r2s7o,0.931548
t3_c1_8r2s7o,1.071586
t3_c1_8r2s7o,1.083469
t3_c1_8r2s7o,1.075872
t3_c1_8r2s7o,0.777030
t3_c1_8r2s7o,0.697298
t3_c1_8r2s7o,0.709836
t3_c1_8r4s7o,0.947740
t3_c1_8r4s7o,1.175142
t3_c1_8r4s7o,1.407269
t3_c1_8r4s7o,1.475405
t3_c1_8r4s7o,1.447134
t3_c1_8r4s7o,0.907357
t3_c1_8r4s7o,0.947389
t3_c1_8r4s7o,0.912625
t3_c1_8r4s7o,0.967873
t3_c1_8r4s7o,1.268548
t3_c1_8r8s7o,2.629833
t3_c1_8r8s7o,1.981326
t3_c1_8r8s7o,1.797690
t3_c1_8r8s7o,2.090515
t3_c1_8r8s7o,2.659689
t3_c1_8r8s7o,1.938795
t3_c1_8r8s7o,1.716427
t3_c1_8r8s7o,2.198749
t3_c1_8r8s7o,1.793915
t3_c1_8r8s7o,2.044670
t3_c1_rect0,2.984700
t3_c1_rect0,2.996109
t3_c1_rect0,2.417365
t3_c1_rect0,2.008996
t3_c1_rect0,2.618743
t3_c1_rect0,2.917309
t3_c1_rect0,2.037140
t3_c1_rect0,2.201480
t3_c1_rect0,2.965751
t3_c1_rect0,2.610828
t3_c1_rect1,2.012618
t3_c1_rect1,2.853861
t3_c1_rect1,2.513567
t3_c1_rect1,2.043181
t3_c1_rect1,2.502296
t3_c1_rect1,2.525673
t3_c1_rect1,2.838546
t3_c1_rect1,2.748648
t3_c1_rect1,1.974561
t3_c1_rect1,2.465496
t3_c2_13r3s12o,2.695818
t3_c2_13r3s12o,1.799527
t3_c2_13r3s12o,1.751267
t3_c2_13r3s12o,2.390309
t3_c2_13r3s12o,2.590909
t3_c2_13r3s12o,1.730536
t3_c2_13r3s12o,1.806652
t3_c2_13r3s12o,2.525303
t3_c2_13r3s12o,2.454488
t3_c2_13r3s12o,1.789712
t3_c2_2r128s1o,0.728933
t3_c2_2r128s1o,0.720704
t3_c2_2r128s1o,0.865616
t3_c2_2r128s1o,1.111702
t3_c2_2r128s1o,1.120072
t3_c2_2r128s1o,1.135671
t3_c2_2r128s1o,0.830287
t3_c2_2r128s1o,0.715267
t3_c2_2r128s1o,0.736434
t3_c2_2r128s1o,0.712351
t3_c2_2r16s1o,0.749054
t3_c2_2r16s1o,0.710248
t3_c2_2r16s1o,1.102689
t3_c2_2r16s1o,1.138626
t3_c2_2r16s1o,1.128777
t3_c2_2r16s1o,1.043566
t3_c2_2r16s1o,0.706778
t3_c2_2r16s1o,0.733239
t3_c2_2r16s1o,0.712925
t3_c2_2r16s1o,0.723347
t3_c2_2r256s1o,0.982575
t3_c2_2r256s1o,1.488913
t3_c2_2r256s1o,1.516082
t3_c2_2r256s1o,1.401194
t3_c2_2r256s1o,0.948555
t3_c2_2r256s1o,0.999446
t3_c2_2r256s1o,0.983604
t3_c2_2r256s1o,1.017981
t3_c2_2r256s1o,1.503911
t3_c2_2r256s1o,1.507290
t3_c2_2r2s1o,1.144946
t3_c2_2r2s1o,0.691890
t3_c2_2r2s1o,0.722118
t3_c2_2r2s1o,0.722612
t3_c2_2r2s1o,0.713919
t3_c2_2r2s1o,0.739645
t3_c2_2r2s1o,0.848000
t3_c2_2r2s1o,1.121300
t3_c2_2r2s1o,1.127377
t3_c2_2r2s1o,1.114087
t3_c2_2r32s1o,0.889812
t3_c2_2r32s1o,0.747163
t3_c2_2r32s1o,0.883621
t3_c2_2r32s1o,0.708267
t3_c2_2r32s1o,0.726790
t3_c2_2r32s1o,0.727552
t3_c2_2r32s1o,1.131615
t3_c2_2r32s1o,1.113759
t3_c2_2r32s1o,1.120254
t3_c2_2r32s1o,1.031282
t3_c2_2r4s1o,0.711246
t3_c2_2r4s1o,0.883971
t3_c2_2r4s1o,0.712149
t3_c2_2r4s1o,0.718248
t3_c2_2r4s1o,0.710295
t3_c2_2r4s1o,1.071812
t3_c2_2r4s1o,1.144019
t3_c2_2r4s1o,1.125127
t3_c2_2r4s1o,1.064302
t3_c2_2r4s1o,0.704435
t3_c2_2r64s1o,0.734928
t3_c2_2r64s1o,0.836511
t3_c2_2r64s1o,0.788616
t3_c2_2r64s1o,0.714772
t3_c2_2r64s1o,0.985843
t3_c2_2r64s1o,1.118783
t3_c2_2r64s1o,1.110837
t3_c2_2r64s1o,1.132698
t3_c2_2r64s1o,0.700622
t3_c2_2r64s1o,0.713985
t3_c2_2r8s1o,0.738020
t3_c2_2r8s1o,0.709592
t3_c2_2r8s1o,0.738700
t3_c2_2r8s1o,0.909965
t3_c2_2r8s1o,0.728646
t3_c2_2r8s1o,0.735884
t3_c2_2r8s1o,0.745240
t3_c2_2r8s1o,0.745557
t3_c2_2r8s1o,0.739844
t3_c2_2r8s1o,1.102360
t3_c2_3r127s1o,3.963984
t3_c2_3r127s1o,3.030796
t3_c2_3r127s1o,4.151886
t3_c2_3r127s1o,3.085972
t3_c2_3r127s1o,3.721830
t3_c2_3r127s1o,3.534014
t3_c2_3r127s1o,3.309807
t3_c2_3r127s1o,3.996653
t3_c2_3r127s1o,3.632491
t3_c2_3r127s1o,3.010537
t3_c2_3r16s1o,1.080514
t3_c2_3r16s1o,1.530277
t3_c2_3r16s1o,1.538532
t3_c2_3r16s1o,1.302322
t3_c2_3r16s1o,1.011387
t3_c2_3r16s1o,1.237978
t3_c2_3r16s1o,1.015495
t3_c2_3r16s1o,1.286576
t3_c2_3r16s1o,1.511713
t3_c2_3r16s1o,1.513335
t3_c2_3r16s2o,0.940491
t3_c2_3r16s2o,0.726668
t3_c2_3r16s2o,0.739451
t3_c2_3r16s2o,0.696522
t3_c2_3r16s2o,0.740319
t3_c2_3r16s2o,0.789830
t3_c2_3r16s2o,1.128438
t3_c2_3r16s2o,1.119808
t3_c2_3r16s2o,1.128894
t3_c2_3r16s2o,0.939258
t3_c2_3r2s1o,0.701783
t3_c2_3r2s1o,0.893971
t3_c2_3r2s1o,0.743755
t3_c2_3r2s1o,0.719617
t3_c2_3r2s1o,0.710666
t3_c2_3r2s1o,1.138634
t3_c2_3r2s1o,1.142496
t3_c2_3r2s1o,1.152550
t3_c2_3r2s1o,0.983722
t3_c2_3r2s1o,0.710592
t3_c2_3r2s1orect,0.756506
t3_c2_3r2s1orect,0.917574
t3_c2_3r2s1orect,0.759278
t3_c2_3r2s1orect,0.925502
t3_c2_3r2s1orect,0.725887
t3_c2_3r2s1orect,0.742231
t3_c2_3r2s1orect,0.915197
t3_c2_3r2s1orect,0.723084
t3_c2_3r2s1orect,0.734220
t3_c2_3r2s1orect,1.117848
t3_c2_3r2s2o,1.124048
t3_c2_3r2s2o,1.149957
t3_c2_3r2s2o,1.055319
t3_c2_3r2s2o,0.905326
t3_c2_3r2s2o,0.693209
t3_c2_3r2s2o,0.747706
t3_c2_3r2s2o,0.909818
t3_c2_3r2s2o,0.742034
t3_c2_3r2s2o,1.142384
t3_c2_3r2s2o,1.120038
t3_c2_3r32s1o,2.551706
t3_c2_3r32s1o,1.907598
t3_c2_3r32s1o,2.083902
t3_c2_3r32s1o,2.896834
t3_c2_3r32s1o,2.135659
t3_c2_3r32s1o,1.904176
t3_c2_3r32s1o,2.452301
t3_c2_3r32s1o,2.745681
t3_c2_3r32s1o,1.858516
t3_c2_3r32s1o,2.084491
t3_c2_3r32s2o,1.329476
t3_c2_3r32s2o,1.325754
t3_c2_3r32s2o,1.328111
t3_c2_3r32s2o,0.904343
t3_c2_3r32s2o,0.851110
t3_c2_3r32s2o,0.875009
t3_c2_3r32s2o,0.866862
t3_c2_3r32s2o,0.937210
t3_c2_3r32s2o,1.316568
t3_c2_3r32s2o,1.342342
t3_c2_3r4s1o,1.150042
t3_c2_3r4s1o,0.793824
t3_c2_3r4s1o,0.911846
t3_c2_3r4s1o,0.921621
t3_c2_3r4s1o,0.920891
t3_c2_3r4s1o,0.918591
t3_c2_3r4s1o,0.721500
t3_c2_3r4s1o,0.714945
t3_c2_3r4s1o,0.718804
t3_c2_3r4s1o,0.710126
t3_c2_3r4s2o,0.715379
t3_c2_3r4s2o,0.893308
t3_c2_3r4s2o,1.133498
t3_c2_3r4s2o,1.128534
t3_c2_3r4s2o,1.128581
t3_c2_3r4s2o,0.936532
t3_c2_3r4s2o,0.713986
t3_c2_3r4s2o,0.738844
t3_c2_3r4s2o,0.912025
t3_c2_3r4s2o,0.740534
t3_c2_3r64s1o,4.192966
t3_c2_3r64s1o,3.059545
t3_c2_3r64s1o,3.696092
t3_c2_3r64s1o,3.565504
t3_c2_3r64s1o,3.474183
t3_c2_3r64s1o,3.945250
t3_c2_3r64s1o,2.969522
t3_c2_3r64s1o,4.146972
t3_c2_3r64s1o,3.062060
t3_c2_3r64s1o,3.660269
t3_c2_3r7s1o,1.127500
t3_c2_3r7s1o,1.009990
t3_c2_3r7s1o,0.738221
t3_c2_3r7s1o,0.744435
t3_c2_3r7s1o,0.719380
t3_c2_3r7s1o,0.738047
t3_c2_3r7s1o,0.747952
t3_c2_3r7s1o,0.920252
t3_c2_3r7s1o,0.723016
t3_c2_3r7s1o,0.921715
t3_c2_3r8s1o,0.730334
t3_c2_3r8s1o,0.916388
t3_c2_3r8s1o,1.057688
t3_c2_3r8s1o,1.127874
t3_c2_3r8s1o,1.137278
t3_c2_3r8s1o,1.149179
t3_c2_3r8s1o,1.149525
t3_c2_3r8s1o,1.133285
t3_c2_3r8s1o,1.137383
t3_c2_3r8s1o,0.923895
t3_c2_3r8s2o,0.702209
t3_c2_3r8s2o,0.704450
t3_c2_3r8s2o,0.707319
t3_c2_3r8s2o,0.717318
t3_c2_3r8s2o,0.700621
t3_c2_3r8s2o,0.979518
t3_c2_3r8s2o,1.131920
t3_c2_3r8s2o,1.133817
t3_c2_3r8s2o,1.131901
t3_c2_3r8s2o,0.714130
t3_c2_4r16s1o,2.005013
t3_c2_4r16s1o,2.300654
t3_c2_4r16s1o,3.109503
t3_c2_4r16s1o,2.107135
t3_c2_4r16s1o,2.629918
t3_c2_4r16s1o,2.139791
t3_c2_4r16s1o,2.381346
t3_c2_4r16s1o,3.109019
t3_c2_4r16s1o,2.232254
t3_c2_4r16s1o,2.610465
t3_c2_4r16s2o,1.004818
t3_c2_4r16s2o,1.008370
t3_c2_4r16s2o,1.251139
t3_c2_4r16s2o,1.270519
t3_c2_4r16s2o,1.524391
t3_c2_4r16s2o,1.513162
t3_c2_4r16s2o,1.085617
t3_c2_4r16s2o,1.218649
t3_c2_4r16s2o,0.962472
t3_c2_4r16s2o,1.231901
t3_c2_4r16s3o,0.963291
t3_c2_4r16s3o,1.024103
t3_c2_4r16s3o,1.278768
t3_c2_4r16s3o,1.093455
t3_c2_4r16s3o,1.529652
t3_c2_4r16s3o,1.519384
t3_c2_4r16s3o,1.395473
t3_c2_4r16s3o,1.008605
t3_c2_4r16s3o,0.993293
t3_c2_4r16s3o,1.004434
t3_c2_4r2s1o,0.840837
t3_c2_4r2s1o,1.139678
t3_c2_4r2s1o,1.133422
t3_c2_4r2s1o,1.154179
t3_c2_4r2s1o,0.899253
t3_c2_4r2s1o,0.735343
t3_c2_4r2s1o,0.745091
t3_c2_4r2s1o,0.746616
t3_c2_4r2s1o,0.756122
t3_c2_4r2s1o,0.764911
t3_c2_4r2s2o,1.113172
t3_c2_4r2s2o,1.131962
t3_c2_4r2s2o,1.149369
t3_c2_4r2s2o,1.028343
t3_c2_4r2s2o,0.712290
t3_c2_4r2s2o,0.730273
t3_c2_4r2s2o,0.739613
t3_c2_4r2s2o,0.730368
t3_c2_4r2s2o,0.731801
t3_c2_4r2s2o,1.036801
t3_c2_4r2s2omixed,1.153351
t3_c2_4r2s2omixed,1.173379
t3_c2_4r2s2omixed,1.100291
t3_c2_4r2s2omixed,0.748453
t3_c2_4r2s2omixed,0.725474
t3_c2_4r2s2omixed,0.738190
t3_c2_4r2s2omixed,0.729828
t3_c2_4r2s2omixed,0.748115
t3_c2_4r2s2omixed,0.952963
t3_c2_4r2s2omixed,1.158463
t3_c2_4r2s3o,1.156745
t3_c2_4r2s3o,1.130318
t3_c2_4r2s3o,0.905128
t3_c2_4r2s3o,0.899673
t3_c2_4r2s3o,0.720862
t3_c2_4r2s3o,0.729857
t3_c2_4r2s3o,0.744699
t3_c2_4r2s3o,1.024059
t3_c2_4r2s3o,1.127363
t3_c2_4r2s3o,1.160532
t3_c2_4r31s2o,2.188961
t3_c2_4r31s2o,1.806740
t3_c2_4r31s2o,2.073672
t3_c2_4r31s2o,2.716504
t3_c2_4r31s2o,1.989670
t3_c2_4r31s2o,1.848116
t3_c2_4r31s2o,2.276837
t3_c2_4r31s2o,1.736368
t3_c2_4r31s2o,2.195871
t3_c2_4r31s2o,2.682675
t3_c2_4r3s1o,0.818184
t3_c2_4r3s1o,0.701961
t3_c2_4r3s1o,0.710795
t3_c2_4r3s1o,0.709023
t3_c2_4r3s1o,0.724577
t3_c2_4r3s1o,0.740617
t3_c2_4r3s1o,1.129370
t3_c2_4r3s1o,1.136895
t3_c2_4r3s1o,1.128619
t3_c2_4r3s1o,1.000587
t3_c2_4r3s2o,0.710876
t3_c2_4r3s2o,0.730895
t3_c2_4r3s2o,0.697618
t3_c2_4r3s2o,0.715852
t3_c2_4r3s2o,0.900234
t3_c2_4r3s2o,1.066278
t3_c2_4r3s2o,1.118865
t3_c2_4r3s2o,1.129458
t3_c2_4r3s2o,1.061097
t3_c2_4r3s2o,0.693051
t3_c2_4r4s1o,0.737855
t3_c2_4r4s1o,0.908653
t3_c2_4r4s1o,0.718885
t3_c2_4r4s1o,0.708557
t3_c2_4r4s1o,0.977357
t3_c2_4r4s1o,1.153396
t3_c2_4r4s1o,1.150533
t3_c2_4r4s1o,1.142548
t3_c2_4r4s1o,0.892001
t3_c2_4r4s1o,0.717425
t3_c2_4r4s2o,0.722050
t3_c2_4r4s2o,0.723220
t3_c2_4r4s2o,0.737259
t3_c2_4r4s2o,0.929984
t3_c2_4r4s2o,1.125165
t3_c2_4r4s2o,1.114613
t3_c2_4r4s2o,1.116552
t3_c2_4r4s2o,0.921303
t3_c2_4r4s2o,0.735346
t3_c2_4r4s2o,0.744028
t3_c2_4r4s3o,0.753881
t3_c2_4r4s3o,0.931269
t3_c2_4r4s3o,0.996671
t3_c2_4r4s3o,1.149745
t3_c2_4r4s3o,1.151873
t3_c2_4r4s3o,1.139584
t3_c2_4r4s3o,0.731016
t3_c2_4r4s3o,0.747811
t3_c2_4r4s3o,0.924615
t3_c2_4r4s3o,0.926314
t3_c2_4r7s1o,1.379760
t3_c2_4r7s1o,1.813101
t3_c2_4r7s1o,1.810197
t3_c2_4r7s1o,1.209287
t3_c2_4r7s1o,1.193806
t3_c2_4r7s1o,1.214396
t3_c2_4r7s1o,1.559255
t3_c2_4r7s1o,1.818989
t3_c2_4r7s1o,1.635396
t3_c2_4r7s1o,1.274327
t3_c2_4r7s2o,0.748125
t3_c2_4r7s2o,0.722284
t3_c2_4r7s2o,0.729348
t3_c2_4r7s2o,0.974733
t3_c2_4r7s2o,1.117328
t3_c2_4r7s2o,1.112732
t3_c2_4r7s2o,1.115154
t3_c2_4r7s2o,0.779627
t3_c2_4r7s2o,0.716444
t3_c2_4r7s2o,0.728679
t3_c2_4r8s1o,1.803237
t3_c2_4r8s1o,2.541255
t3_c2_4r8s1o,2.432825
t3_c2_4r8s1o,1.836866
t3_c2_4r8s1o,2.255683
t3_c2_4r8s1o,1.732603
t3_c2_4r8s1o,1.748605
t3_c2_4r8s1o,2.652234
t3_c2_4r8s1o,2.367952
t3_c2_4r8s1o,1.856238
t3_c2_4r8s1operm,2.002792
t3_c2_4r8s1operm,2.715779
t3_c2_4r8s1operm,2.163906
t3_c2_4r8s1operm,2.243931
t3_c2_4r8s1operm,2.297779
t3_c2_4r8s1operm,2.670196
t3_c2_4r8s1operm,2.216641
t3_c2_4r8s1operm,1.873215
t3_c2_4r8s1operm,2.679726
t3_c2_4r8s1operm,2.292724
t3_c2_4r8s1operm2,1.873725
t3_c2_4r8s1operm2,2.095893
t3_c2_4r8s1operm2,2.675694
t3_c2_4r8s1operm2,2.028983
t3_c2_4r8s1operm2,1.785240
t3_c2_4r8s1operm2,2.082471
t3_c2_4r8s1operm2,2.705854
t3_c2_4r8s1operm2,2.002275
t3_c2_4r8s1operm2,1.864032
t3_c2_4r8s1operm2,2.276867
t3_c2_4r8s2o,1.137126
t3_c2_4r8s2o,1.137778
t3_c2_4r8s2o,0.860650
t3_c2_4r8s2o,0.741537
t3_c2_4r8s2o,0.725669
t3_c2_4r8s2o,0.908273
t3_c2_4r8s2o,0.743068
t3_c2_4r8s2o,0.825293
t3_c2_4r8s2o,1.118440
t3_c2_4r8s2o,1.135625
t3_c2_4r8s3o,1.169517
t3_c2_4r8s3o,0.886169
t3_c2_4r8s3o,0.754176
t3_c2_4r8s3o,0.703468
t3_c2_4r8s3o,0.876005
t3_c2_4r8s3o,0.728272
t3_c2_4r8s3o,0.761643
t3_c2_4r8s3o,1.131265
t3_c2_4r8s3o,1.142643
t3_c2_4r8s3o,1.153483
t3_c2_5r15s2o,3.090286
t3_c2_5r15s2o,3.610661
t3_c2_5r15s2o,3.645798
t3_c2_5r15s2o,3.237388
t3_c2_5r15s2o,4.136687
t3_c2_5r15s2o,2.875446
t3_c2_5r15s2o,4.024748
t3_c2_5r15s2o,3.309389
t3_c2_5r15s2o,3.680732
t3_c2_5r15s2o,3.417160
t3_c2_5r16s1o,3.907046
t3_c2_5r16s1o,3.047888
t3_c2_5r16s1o,4.308634
t3_c2_5r16s1o,3.038859
t3_c2_5r16s1o,3.923673
t3_c2_5r16s1o,3.433995
t3_c2_5r16s1o,3.339340
t3_c2_5r16s1o,3.828746
t3_c2_5r16s1o,3.032839
t3_c2_5r16s1o,4.264189
t3_c2_5r16s2o,3.251952
t3_c2_5r16s2o,3.902947
t3_c2_5r16s2o,3.354644
t3_c2_5r16s2o,3.434468
t3_c2_5r16s2o,3.826527
t3_c2_5r16s2o,2.965897
t3_c2_5r16s2o,4.276096
t3_c2_5r16s2o,3.068784
t3_c2_5r16s2o,3.919395
t3_c2_5r16s2o,3.378040
t3_c2_5r2s1o,0.753042
t3_c2_5r2s1o,0.758416
t3_c2_5r2s1o,0.888162
t3_c2_5r2s1o,1.150989
t3_c2_5r2s1o,1.158303
t3_c2_5r2s1o,1.129102
t3_c2_5r2s1o,0.800275
t3_c2_5r2s1o,0.703777
t3_c2_5r2s1o,0.739284
t3_c2_5r2s1o,0.748850
t3_c2_5r2s2o,0.749614
t3_c2_5r2s2o,0.788845
t3_c2_5r2s2o,1.152836
t3_c2_5r2s2o,1.155369
t3_c2_5r2s2o,1.134778
t3_c2_5r2s2o,0.918726
t3_c2_5r2s2o,0.743530
t3_c2_5r2s2o,0.915945
t3_c2_5r2s2o,0.720541
t3_c2_5r2s2o,0.745833
t3_c2_5r2s3o,0.809660
t3_c2_5r2s3o,1.162546
t3_c2_5r2s3o,1.153454
t3_c2_5r2s3o,1.141379
t3_c2_5r2s3o,0.912557
t3_c2_5r2s3o,0.743524
t3_c2_5r2s3o,0.919281
t3_c2_5r2s3o,0.743541
t3_c2_5r2s3o,0.926487
t3_c2_5r2s3o,0.882012
t3_c2_5r2s4o,1.155421
t3_c2_5r2s4o,1.152436
t3_c2_5r2s4o,1.154940
t3_c2_5r2s4o,0.807601
t3_c2_5r2s4o,0.731338
t3_c2_5r2s4o,0.733935
t3_c2_5r2s4o,0.745350
t3_c2_5r2s4o,0.738426
t3_c2_5r2s4o,0.797563
t3_c2_5r2s4o,1.148942
t3_c2_5r3s1o,1.132082
t3_c2_5r3s1o,1.148810
t3_c2_5r3s1o,0.924304
t3_c2_5r3s1o,0.733268
t3_c2_5r3s1o,0.736701
t3_c2_5r3s1o,0.737875
t3_c2_5r3s1o,0.741249
t3_c2_5r3s1o,0.735870
t3_c2_5r3s1o,1.114552
t3_c2_5r3s1o,1.149510
t3_c2_5r3s2o,1.155901
t3_c2_5r3s2o,1.009147
t3_c2_5r3s2o,0.897540
t3_c2_5r3s2o,0.882722
t3_c2_5r3s2o,0.913237
t3_c2_5r3s2o,0.735377
t3_c2_5r3s2o,0.852941
t3_c2_5r3s2o,1.137959
t3_c2_5r3s2o,1.140323
t3_c2_5r3s2o,1.130413
t3_c2_5r3s3o,0.864212
t3_c2_5r3s3o,0.702165
t3_c2_5r3s3o,0.735747
t3_c2_5r3s3o,0.755819
t3_c2_5r3s3o,0.924171
t3_c2_5r3s3o,0.822186
t3_c2_5r3s3o,1.152285
t3_c2_5r3s3o,1.140763
t3_c2_5r3s3o,1.146059
t3_c2_5r3s3o,0.896598
t3_c2_5r3s4o,0.707967
t3_c2_5r3s4o,0.728663
t3_c2_5r3s4o,0.710180
t3_c2_5r3s4o,0.736050
t3_c2_5r3s4o,0.705313
t3_c2_5r3s4o,1.104824
t3_c2_5r3s4o,1.129355
t3_c2_5r3s4o,1.158801
t3_c2_5r3s4o,1.046474
t3_c2_5r3s4o,0.900225
t3_c2_5r4s1o,1.039824
t3_c2_5r4s1o,0.972722
t3_c2_5r4s1o,0.994989
t3_c2_5r4s1o,1.491466
t3_c2_5r4s1o,1.510845
t3_c2_5r4s1o,1.400156
t3_c2_5r4s1o,0.984580
t3_c2_5r4s1o,0.964634
t3_c2_5r4s1o,1.003395
t3_c2_5r4s1o,1.240401
t3_c2_5r4s1ostride,0.752291
t3_c2_5r4s1ostride,0.704052
t3_c2_5r4s1ostride,0.743291
t3_c2_5r4s1ostride,0.717459
t3_c2_5r4s1ostride,0.754051
t3_c2_5r4s1ostride,1.004667
t3_c2_5r4s1ostride,1.128661
t3_c2_5r4s1ostride,1.159333
t3_c2_5r4s1ostride,1.129004
t3_c2_5r4s1ostride,0.751608
t3_c2_5r4s2o,0.706991
t3_c2_5r4s2o,0.733040
t3_c2_5r4s2o,0.709583
t3_c2_5r4s2o,0.921874
t3_c2_5r4s2o,0.991850
t3_c2_5r4s2o,1.152470
t3_c2_5r4s2o,1.140911
t3_c2_5r4s2o,1.151234
t3_c2_5r4s2o,0.728303
t3_c2_5r4s2o,0.906272
t3_c2_5r4s2operm,0.727786
t3_c2_5r4s2operm,0.715194
t3_c2_5r4s2operm,0.748086
t3_c2_5r4s2operm,0.957127
t3_c2_5r4s2operm,1.139869
t3_c2_5r4s2operm,1.160921
t3_c2_5r4s2operm,1.133522
t3_c2_5r4s2operm,1.138170
t3_c2_5r4s2operm,1.139767
t3_c2_5r4s2operm,1.138617
t3_c2_5r4s3o,1.021234
t3_c2_5r4s3o,0.707512
t3_c2_5r4s3o,0.727273
t3_c2_5r4s3o,0.710581
t3_c2_5r4s3o,0.911082
t3_c2_5r4s3o,0.926680
t3_c2_5r4s3o,0.702447
t3_c2_5r4s3o,0.734420
t3_c2_5r4s3o,0.729138
t3_c2_5r4s3o,0.705816
t3_c2_5r4s4o,0.749537
t3_c2_5r4s4o,0.914825
t3_c2_5r4s4o,0.724900
t3_c2_5r4s4o,0.862115
t3_c2_5r4s4o,0.731797
t3_c2_5r4s4o,0.824927
t3_c2_5r4s4o,0.843763
t3_c2_5r4s4o,1.139754
t3_c2_5r4s4o,1.136847
t3_c2_5r4s4o,1.135107
t3_c2_5r7s2o,1.377162
t3_c2_5r7s2o,1.163917
t3_c2_5r7s2o,1.247025
t3_c2_5r7s2o,1.556039
t3_c2_5r7s2o,1.207350
t3_c2_5r7s2o,1.249440
t3_c2_5r7s2o,1.353976
t3_c2_5r7s2o,1.843226
t3_c2_5r7s2o,1.827151
t3_c2_5r7s2o,1.204037
t3_c2_5r8s1o,1.873816
t3_c2_5r8s1o,2.344664
t3_c2_5r8s1o,2.876079
t3_c2_5r8s1o,2.856459
t3_c2_5r8s1o,2.421566
t3_c2_5r8s1o,1.982266
t3_c2_5r8s1o,2.391676
t3_c2_5r8s1o,2.856877
t3_c2_5r8s1o,1.979019
t3_c2_5r8s1o,1.926055
t3_c2_5r8s2o,2.758671
t3_c2_5r8s2o,2.444144
t3_c2_5r8s2o,1.972057
t3_c2_5r8s2o,2.219054
t3_c2_5r8s2o,2.858179
t3_c2_5r8s2o,2.104337
t3_c2_5r8s2o,1.985800
t3_c2_5r8s2o,2.618402
t3_c2_5r8s2o,2.585175
t3_c2_5r8s2o,1.979164
t3_c2_5r8s3o,0.930811
t3_c2_5r8s3o,0.958458
t3_c2_5r8s3o,1.326780
t3_c2_5r8s3o,1.356185
t3_c2_5r8s3o,1.265898
t3_c2_5r8s3o,0.881775
t3_c2_5r8s3o,0.837547
t3_c2_5r8s3o,0.868605
t3_c2_5r8s3o,0.892817
t3_c2_5r8s3o,1.013357
t3_c2_5r8s4o,1.356183
t3_c2_5r8s4o,1.358662
t3_c2_5r8s4o,1.205078
t3_c2_5r8s4o,0.834048
t3_c2_5r8s4o,1.079233
t3_c2_5r8s4o,0.833015
t3_c2_5r8s4o,0.873764
t3_c2_5r8s4o,1.204412
t3_c2_5r8s4o,1.324103
t3_c2_5r8s4o,1.327548
t3_c2_6r15s3o,1.944631
t3_c2_6r15s3o,1.809619
t3_c2_6r15s3o,2.172536
t3_c2_6r15s3o,2.687307
t3_c2_6r15s3o,2.268621
t3_c2_6r15s3o,1.806813
t3_c2_6r15s3o,2.504624
t3_c2_6r15s3o,2.431634
t3_c2_6r15s3o,1.732579
t3_c2_6r15s3o,1.817672
t3_c2_6r16s5o,2.659498
t3_c2_6r16s5o,2.540381
t3_c2_6r16s5o,1.842024
t3_c2_6r16s5o,2.283716
t3_c2_6r16s5o,1.841578
t3_c2_6r16s5o,2.027106
t3_c2_6r16s5o,2.725631
t3_c2_6r16s5o,2.081070
t3_c2_6r16s5o,1.865247
t3_c2_6r16s5o,2.178779
t3_c2_6r2s1o,1.139548
t3_c2_6r2s1o,1.142405
t3_c2_6r2s1o,0.978582
t3_c2_6r2s1o,0.707034
t3_c2_6r2s1o,0.731015
t3_c2_6r2s1o,0.914817
t3_c2_6r2s1o,0.728926
t3_c2_6r2s1o,0.751508
t3_c2_6r2s1o,1.160237
t3_c2_6r2s1o,1.130777
t3_c2_6r2s2o,1.158276
t3_c2_6r2s2o,0.989616
t3_c2_6r2s2o,0.903766
t3_c2_6r2s2o,0.721411
t3_c2_6r2s2o,0.741571
t3_c2_6r2s2o,0.736177
t3_c2_6r2s2o,0.740229
t3_c2_6r2s2o,1.138744
t3_c2_6r2s2o,1.140808
t3_c2_6r2s2o,1.143526
t3_c2_6r2s3o,0.989525
t3_c2_6r2s3o,0.716313
t3_c2_6r2s3o,0.717770
t3_c2_6r2s3o,0.904856
t3_c2_6r2s3o,0.722557
t3_c2_6r2s3o,0.909237
t3_c2_6r2s3o,0.919169
t3_c2_6r2s3o,0.731405
t3_c2_6r2s3o,0.741617
t3_c2_6r2s3o,0.731567
t3_c2_6r2s5o,0.753414
t3_c2_6r2s5o,1.070235
t3_c2_6r2s5o,1.155520
t3_c2_6r2s5o,1.129818
t3_c2_6r2s5o,1.072495
t3_c2_6r2s5o,0.900250
t3_c2_6r2s5o,0.726450
t3_c2_6r2s5o,0.746254
t3_c2_6r2s5o,0.731138
t3_c2_6r2s5o,0.766210
t3_c2_6r3s1o,1.432291
t3_c2_6r3s1o,1.497018
t3_c2_6r3s1o,1.447482
t3_c2_6r3s1o,1.189977
t3_c2_6r3s1o,0.962012
t3_c2_6r3s1o,1.205600
t3_c2_6r3s1o,1.071169
t3_c2_6r3s1o,1.485819
t3_c2_6r3s1o,1.480748
t3_c2_6r3s1o,1.373491
t3_c2_6r3s2o,0.735044
t3_c2_6r3s2o,0.733978
t3_c2_6r3s2o,0.923416
t3_c2_6r3s2o,0.928532
t3_c2_6r3s2o,0.923872
t3_c2_6r3s2o,0.923158
t3_c2_6r3s2o,0.728254
t3_c2_6r3s2o,0.741409
t3_c2_6r3s2o,0.761052
t3_c2_6r3s2o,0.928139
t3_c2_6r3s3o,1.122773
t3_c2_6r3s3o,1.136719
t3_c2_6r3s3o,1.120625
t3_c2_6r3s3o,0.782261
t3_c2_6r3s3o,0.723059
t3_c2_6r3s3o,0.751354
t3_c2_6r3s3o,0.717685
t3_c2_6r3s3o,0.737109
t3_c2_6r3s3o,0.770903
t3_c2_6r3s3o,1.115578
t3_c2_6r4s1o,2.748239
t3_c2_6r4s1o,1.852606
t3_c2_6r4s1o,1.831615
t3_c2_6r4s1o,2.369818
t3_c2_6r4s1o,2.616238
t3_c2_6r4s1o,1.812527
t3_c2_6r4s1o,1.872261
t3_c2_6r4s1o,2.599464
t3_c2_6r4s1o,2.441161
t3_c2_6r4s1o,1.836106
t3_c2_6r4s2o,1.040156
t3_c2_6r4s2o,1.226222
t3_c2_6r4s2o,1.518762
t3_c2_6r4s2o,1.529824
t3_c2_6r4s2o,1.164723
t3_c2_6r4s2o,0.996657
t3_c2_6r4s2o,1.019020
t3_c2_6r4s2o,1.035305
t3_c2_6r4s2o,1.292369
t3_c2_6r4s2o,1.519545
t3_c2_6r4s2ostride,2.411380
t3_c2_6r4s2ostride,1.853729
t3_c2_6r4s2ostride,2.282807
t3_c2_6r4s2ostride,2.252181
t3_c2_6r4s2ostride,2.306929
t3_c2_6r4s2ostride,1.857430
t3_c2_6r4s2ostride,2.167681
t3_c2_6r4s2ostride,2.302338
t3_c2_6r4s2ostride,2.183889
t3_c2_6r4s2ostride,2.732232
t3_c2_6r4s3o,0.780212
t3_c2_6r4s3o,0.746092
t3_c2_6r4s3o,0.752402
t3_c2_6r4s3o,0.714841
t3_c2_6r4s3o,0.904203
t3_c2_6r4s3o,0.917308
t3_c2_6r4s3o,0.718184
t3_c2_6r4s3o,0.698842
t3_c2_6r4s3o,0.741124
t3_c2_6r4s3o,0.736668
t3_c2_6r4s5o,0.710668
t3_c2_6r4s5o,1.127711
t3_c2_6r4s5o,1.163509
t3_c2_6r4s5o,1.141339
t3_c2_6r4s5o,0.980217
t3_c2_6r4s5o,0.749795
t3_c2_6r4s5o,0.729324
t3_c2_6r4s5o,0.753714
t3_c2_6r4s5o,0.756057
t3_c2_6r4s5o,0.752219
t3_c2_6r5s1o,2.672003
t3_c2_6r5s1o,2.372288
t3_c2_6r5s1o,2.245432
t3_c2_6r5s1o,2.265272
t3_c2_6r5s1o,1.755639
t3_c2_6r5s1o,2.249831
t3_c2_6r5s1o,2.276928
t3_c2_6r5s1o,2.263218
t3_c2_6r5s1o,2.270892
t3_c2_6r5s1o,2.389724
t3_c2_6r5s2o,2.553910
t3_c2_6r5s2o,1.850859
t3_c2_6r5s2o,1.749857
t3_c2_6r5s2o,2.309974
t3_c2_6r5s2o,1.843980
t3_c2_6r5s2o,1.956653
t3_c2_6r5s2o,1.764091
t3_c2_6r5s2o,2.332062
t3_c2_6r5s2o,2.630002
t3_c2_6r5s2o,2.240257
t3_c2_6r5s3o,0.708787
t3_c2_6r5s3o,0.898868
t3_c2_6r5s3o,1.075302
t3_c2_6r5s3o,1.118037
t3_c2_6r5s3o,1.132846
t3_c2_6r5s3o,1.058639
t3_c2_6r5s3o,0.712795
t3_c2_6r5s3o,0.741484
t3_c2_6r5s3o,0.701256
t3_c2_6r5s3o,0.727783
t3_c2_6r7s3o,1.202706
t3_c2_6r7s3o,1.813678
t3_c2_6r7s3o,1.820774
t3_c2_6r7s3o,1.370283
t3_c2_6r7s3o,1.237764
t3_c2_6r7s3o,1.242090
t3_c2_6r7s3o,1.427362
t3_c2_6r7s3o,1.832783
t3_c2_6r7s3o,1.765396
t3_c2_6r7s3o,1.234814
t3_c2_6r8s2o,3.041233
t3_c2_6r8s2o,4.274640
t3_c2_6r8s2o,3.011611
t3_c2_6r8s2o,3.909917
t3_c2_6r8s2o,3.200103
t3_c2_6r8s2o,3.421336
t3_c2_6r8s2o,3.851542
t3_c2_6r8s2o,3.673749
t3_c2_6r8s2o,3.681503
t3_c2_6r8s2o,2.930290
t3_c2_6r8s3o,2.235535
t3_c2_6r8s3o,2.712526
t3_c2_6r8s3o,2.252897
t3_c2_6r8s3o,1.852229
t3_c2_6r8s3o,2.271928
t3_c2_6r8s3o,1.841435
t3_c2_6r8s3o,2.155772
t3_c2_6r8s3o,1.862551
t3_c2_6r8s3o,2.526937
t3_c2_6r8s3o,2.471875
t3_c2_6r8s5o,1.831136
t3_c2_6r8s5o,1.923522
t3_c2_6r8s5o,2.699035
t3_c2_6r8s5o,2.254478
t3_c2_6r8s5o,2.274552
t3_c2_6r8s5o,2.188807
t3_c2_6r8s5o,2.695449
t3_c2_6r8s5o,1.857691
t3_c2_6r8s5o,1.842946
t3_c2_6r8s5o,2.259949
t3_c2_7r4s6o,0.726224
t3_c2_7r4s6o,0.759786
t3_c2_7r4s6o,0.755866
t3_c2_7r4s6o,0.989390
t3_c2_7r4s6o,1.155788
t3_c2_7r4s6o,1.136365
t3_c2_7r4s6o,1.160399
t3_c2_7r4s6o,0.727360
t3_c2_7r4s6o,0.729802
t3_c2_7r4s6o,0.911713
t3_c2_8r2s7o,0.736708
t3_c2_8r2s7o,0.920319
t3_c2_8r2s7o,1.091645
t3_c2_8r2s7o,1.134985
t3_c2_8r2s7o,1.140156
t3_c2_8r2s7o,1.057114
t3_c2_8r2s7o,0.757483
t3_c2_8r2s7o,0.917580
t3_c2_8r2s7o,0.815234
t3_c2_8r2s7o,0.929083
t3_c2_8r4s7o,1.230753
t3_c2_8r4s7o,1.552489
t3_c2_8r4s7o,1.525710
t3_c2_8r4s7o,1.148234
t3_c2_8r4s7o,1.243736
t3_c2_8r4s7o,1.014162
t3_c2_8r4s7o,1.033335
t3_c2_8r4s7o,1.495271
t3_c2_8r4s7o,1.529729
t3_c2_8r4s7o,1.415861
t3_c2_8r8s7o,1.832346
t3_c2_8r8s7o,2.283366
t3_c2_8r8s7o,1.836977
t3_c2_8r8s7o,1.807713
t3_c2_8r8s7o,2.534720
t3_c2_8r8s7o,2.466116
t3_c2_8r8s7o,2.236970
t3_c2_8r8s7o,1.983041
t3_c2_8r8s7o,2.703441
t3_c2_8r8s7o,2.094341
t3_c2_rect0,2.335006
t3_c2_rect0,2.543713
t3_c2_rect0,2.574734
t3_c2_rect0,2.098266
t3_c2_rect0,2.568567
t3_c2_rect0,2.100534
t3_c2_rect0,2.538611
t3_c2_rect0,2.926750
t3_c2_rect0,2.119402
t3_c2_rect0,2.162166
t3_c2_rect1,3.093064
t3_c2_rect1,2.304369
t3_c2_rect1,2.064237
t3_c2_rect1,2.806723
t3_c2_rect1,2.673451
t3_c2_rect1,2.066746
t3_c2_rect1,2.470698
t3_c2_rect1,3.032244
t3_c2_rect1,2.550818
t3_c2_rect1,2.348997
t3_c3_13r3s12o,2.675649
t3_c3_13r3s12o,1.965570
t3_c3_13r3s12o,1.802911
t3_c3_13r3s12o,2.196062
t3_c3_13r3s12o,2.709305
t3_c3_13r3s12o,1.867333
t3_c3_13r3s12o,1.856447
t3_c3_13r3s12o,2.300527
t3_c3_13r3s12o,2.619805
t3_c3_13r3s12o,1.847832
t3_c3_2r128s1o,0.707091
t3_c3_2r128s1o,0.695884
t3_c3_2r128s1o,0.691388
t3_c3_2r128s1o,1.082592
t3_c3_2r128s1o,1.128331
t3_c3_2r128s1o,1.125393
t3_c3_2r128s1o,1.025094
t3_c3_2r128s1o,0.683722
t3_c3_2r128s1o,0.711997
t3_c3_2r128s1o,0.729038
t3_c3_2r16s1o,0.737405
t3_c3_2r16s1o,0.705435
t3_c3_2r16s1o,0.866222
t3_c3_2r16s1o,1.115975
t3_c3_2r16s1o,1.116666
t3_c3_2r16s1o,1.119432
t3_c3_2r16s1o,0.824708
t3_c3_2r16s1o,0.875277
t3_c3_2r16s1o,0.701136
t3_c3_2r16s1o,0.713732
t3_c3_2r256s1o,1.004866
t3_c3_2r256s1o,1.242019
t3_c3_2r256s1o,1.494659
t3_c3_2r256s1o,1.486317
t3_c3_2r256s1o,1.072557
t3_c3_2r256s1o,1.001775
t3_c3_2r256s1o,0.964040
t3_c3_2r256s1o,0.987884
t3_c3_2r256s1o,1.270085
t3_c3_2r256s1o,1.489078
t3_c3_2r2s1o,1.125328
t3_c3_2r2s1o,0.949312
t3_c3_2r2s1o,0.704512
t3_c3_2r2s1o,0.733434
t3_c3_2r2s1o,0.740104
t3_c3_2r2s1o,0.712691
t3_c3_2r2s1o,0.889982
t3_c3_2r2s1o,1.054769
t3_c3_2r2s1o,1.123007
t3_c3_2r2s1o,1.130252
t3_c3_2r32s1o,1.053206
t3_c3_2r32s1o,0.726339
t3_c3_2r32s1o,0.735923
t3_c3_2r32s1o,0.739081
t3_c3_2r32s1o,0.710939
t3_c3_2r32s1o,0.896647
t3_c3_2r32s1o,0.988363
t3_c3_2r32s1o,1.106441
t3_c3_2r32s1o,1.125882
t3_c3_2r32s1o,1.130303
t3_c3_2r4s1o,0.865133
t3_c3_2r4s1o,0.723804
t3_c3_2r4s1o,0.705456
t3_c3_2r4s1o,0.886186
t3_c3_2r4s1o,0.699724
t3_c3_2r4s1o,0.953986
t3_c3_2r4s1o,1.118224
t3_c3_2r4s1o,1.105162
t3_c3_2r4s1o,1.097773
t3_c3_2r4s1o,0.760113
t3_c3_2r64s1o,0.727740
t3_c3_2r64s1o,0.746862
t3_c3_2r64s1o,0.686388
t3_c3_2r64s1o,0.936063
t3_c3_2r64s1o,0.823555
t3_c3_2r64s1o,1.093545
t3_c3_2r64s1o,1.119775
t3_c3_2r64s1o,1.121895
t3_c3_2r64s1o,0.959722
t3_c3_2r64s1o,0.716281
t3_c3_2r8s1o,0.709571
t3_c3_2r8s1o,0.722704
t3_c3_2r8s1o,0.694225
t3_c3_2r8s1o,0.706301
t3_c3_2r8s1o,1.091250
t3_c3_2r8s1o,1.114797
t3_c3_2r8s1o,1.099506
t3_c3_2r8s1o,1.050028
t3_c3_2r8s1o,0.857145
t3_c3_2r8s1o,0.706253
t3_c3_3r127s1o,3.180432
t3_c3_3r127s1o,4.046502
t3_c3_3r127s1o,3.679830
t3_c3_3r127s1o,2.970406
t3_c3_3r127s1o,3.774622
t3_c3_3r127s1o,3.889928
t3_c3_3r127s1o,3.565109
t3_c3_3r127s1o,3.987287
t3_c3_3r127s1o,3.195679
t3_c3_3r127s1o,4.012815
t3_c3_3r16s1o,0.981112
t3_c3_3r16s1o,1.229231
t3_c3_3r16s1o,0.959106
t3_c3_3r16s1o,1.231725
t3_c3_3r16s1o,1.244483
t3_c3_3r16s1o,0.947726
t3_c3_3r16s1o,1.230578
t3_c3_3r16s1o,1.004804
t3_c3_3r16s1o,0.993685
t3_c3_3r16s1o,0.957973
t3_c3_3r16s2o,0.716942
t3_c3_3r16s2o,0.890046
t3_c3_3r16s2o,0.695604
t3_c3_3r16s2o,0.712926
t3_c3_3r16s2o,0.729674
t3_c3_3r16s2o,0.748284
t3_c3_3r16s2o,0.833330
t3_c3_3r16s2o,1.112568
t3_c3_3r16s2o,1.131562
t3_c3_3r16s2o,1.114914
t3_c3_3r2s1o,0.906549
t3_c3_3r2s1o,0.881987
t3_c3_3r2s1o,0.692902
t3_c3_3r2s1o,0.720576
t3_c3_3r2s1o,0.755917
t3_c3_3r2s1o,0.696224
t3_c3_3r2s1o,1.107646
t3_c3_3r2s1o,1.123486
t3_c3_3r2s1o,1.143964
t3_c3_3r2s1o,1.012707
t3_c3_3r2s1orect,0.725226
t3_c3_3r2s1orect,0.744618
t3_c3_3r2s1orect,0.757803
t3_c3_3r2s1orect,0.733627
t3_c3_3r2s1orect,0.746415
t3_c3_3r2s1orect,1.044147
t3_c3_3r2s1orect,1.150687
t3_c3_3r2s1orect,1.154384
t3_c3_3r2s1orect,1.096380
t3_c3_3r2s1orect,0.739225
t3_c3_3r2s2o,0.748201
t3_c3_3r2s2o,0.691851
t3_c3_3r2s2o,0.740628
t3_c3_3r2s2o,0.703905
t3_c3_3r2s2o,0.863445
t3_c3_3r2s2o,1.112335
t3_c3_3r2s2o,1.101984
t3_c3_3r2s2o,1.117814
t3_c3_3r2s2o,0.861224
t3_c3_3r2s2o,0.885701
t3_c3_3r32s1o,1.920706
t3_c3_3r32s1o,2.209594
t3_c3_3r32s1o,2.424887
t3_c3_3r32s1o,2.627270
t3_c3_3r32s1o,2.573421
t3_c3_3r32s1o,1.917490
t3_c3_3r32s1o,2.102773
t3_c3_3r32s1o,2.854237
t3_c3_3r32s1o,2.243862
t3_c3_3r32s1o,2.302308
t3_c3_3r32s2o,1.126304
t3_c3_3r32s2o,1.299665
t3_c3_3r32s2o,1.307212
t3_c3_3r32s2o,1.133836
t3_c3_3r32s2o,0.839143
t3_c3_3r32s2o,0.852792
t3_c3_3r32s2o,0.844602
t3_c3_3r32s2o,0.853531
t3_c3_3r32s2o,1.067572
t3_c3_3r32s2o,0.872153
t3_c3_3r4s1o,0.695402
t3_c3_3r4s1o,0.903778
t3_c3_3r4s1o,0.712765
t3_c3_3r4s1o,0.954385
t3_c3_3r4s1o,1.129632
t3_c3_3r4s1o,1.123463
t3_c3_3r4s1o,1.133896
t3_c3_3r4s1o,0.747965
t3_c3_3r4s1o,0.714019
t3_c3_3r4s1o,0.695231
t3_c3_3r4s2o,0.733125
t3_c3_3r4s2o,0.728663
t3_c3_3r4s2o,0.760658
t3_c3_3r4s2o,1.115882
t3_c3_3r4s2o,1.123211
t3_c3_3r4s2o,1.116844
t3_c3_3r4s2o,0.970242
t3_c3_3r4s2o,0.873537
t3_c3_3r4s2o,0.686650
t3_c3_3r4s2o,0.887597
t3_c3_3r64s1o,3.553737
t3_c3_3r64s1o,3.593752
t3_c3_3r64s1o,3.116432
t3_c3_3r64s1o,4.129658
t3_c3_3r64s1o,2.930983
t3_c3_3r64s1o,3.889740
t3_c3_3r64s1o,3.256721
t3_c3_3r64s1o,3.356053
t3_c3_3r64s1o,3.806199
t3_c3_3r64s1o,2.998034
t3_c3_3r7s1o,1.123774
t3_c3_3r7s1o,1.124048
t3_c3_3r7s1o,1.127338
t3_c3_3r7s1o,0.978660
t3_c3_3r7s1o,0.736330
t3_c3_3r7s1o,0.714725
t3_c3_3r7s1o,0.738252
t3_c3_3r7s1o,0.722569
t3_c3_3r7s1o,0.728644
t3_c3_3r7s1o,1.004203
t3_c3_3r8s1o,1.124416
t3_c3_3r8s1o,1.110270
t3_c3_3r8s1o,1.134033
t3_c3_3r8s1o,0.714747
t3_c3_3r8s1o,0.720926
t3_c3_3r8s1o,0.722583
t3_c3_3r8s1o,0.718684
t3_c3_3r8s1o,0.728037
t3_c3_3r8s1o,0.804260
t3_c3_3r8s1o,1.112677
t3_c3_3r8s2o,1.124175
t3_c3_3r8s2o,1.128327
t3_c3_3r8s2o,0.905319
t3_c3_3r8s2o,0.716011
t3_c3_3r8s2o,0.691551
t3_c3_3r8s2o,0.701934
t3_c3_3r8s2o,0.721897
t3_c3_3r8s2o,0.692346
t3_c3_3r8s2o,0.957764
t3_c3_3r8s2o,1.115349
t3_c3_4r16s1o,2.838876
t3_c3_4r16s1o,2.596099
t3_c3_4r16s1o,2.508318
t3_c3_4r16s1o,2.960927
t3_c3_4r16s1o,2.082369
t3_c3_4r16s1o,2.149337
t3_c3_4r16s1o,3.067758
t3_c3_4r16s1o,2.350025
t3_c3_4r16s1o,2.568615
t3_c3_4r16s1o,2.085728
t3_c3_4r16s2o,0.976175
t3_c3_4r16s2o,0.979165
t3_c3_4r16s2o,1.433983
t3_c3_4r16s2o,1.481483
t3_c3_4r16s2o,1.435509
t3_c3_4r16s2o,0.971209
t3_c3_4r16s2o,1.008381
t3_c3_4r16s2o,0.976431
t3_c3_4r16s2o,1.004713
t3_c3_4r16s2o,1.474112
t3_c3_4r16s3o,1.540028
t3_c3_4r16s3o,1.397965
t3_c3_4r16s3o,0.991118
t3_c3_4r16s3o,0.990084
t3_c3_4r16s3o,0.964666
t3_c3_4r16s3o,0.980501
t3_c3_4r16s3o,1.508484
t3_c3_4r16s3o,1.521078
t3_c3_4r16s3o,1.415068
t3_c3_4r16s3o,1.012785
t3_c3_4r2s1o,0.722065
t3_c3_4r2s1o,0.719455
t3_c3_4r2s1o,0.750837
t3_c3_4r2s1o,0.799240
t3_c3_4r2s1o,1.143534
t3_c3_4r2s1o,1.122625
t3_c3_4r2s1o,1.140613
t3_c3_4r2s1o,1.003660
t3_c3_4r2s1o,0.725531
t3_c3_4r2s1o,0.900432
t3_c3_4r2s2o,0.693687
t3_c3_4r2s2o,0.719382
t3_c3_4r2s2o,0.691119
t3_c3_4r2s2o,1.087945
t3_c3_4r2s2o,1.109991
t3_c3_4r2s2o,1.137506
t3_c3_4r2s2o,1.000881
t3_c3_4r2s2o,0.688224
t3_c3_4r2s2o,0.694412
t3_c3_4r2s2o,0.886712
t3_c3_4r2s2omixed,0.728809
t3_c3_4r2s2omixed,0.722850
t3_c3_4r2s2omixed,0.907093
t3_c3_4r2s2omixed,0.748506
t3_c3_4r2s2omixed,0.755290
t3_c3_4r2s2omixed,0.718064
t3_c3_4r2s2omixed,0.749809
t3_c3_4r2s2omixed,0.852328
t3_c3_4r2s2omixed,1.117665
t3_c3_4r2s2omixed,1.121666
t3_c3_4r2s3o,1.121274
t3_c3_4r2s3o,0.895461
t3_c3_4r2s3o,0.899037
t3_c3_4r2s3o,0.718526
t3_c3_4r2s3o,0.899299
t3_c3_4r2s3o,0.733435
t3_c3_4r2s3o,0.895706
t3_c3_4r2s3o,1.124449
t3_c3_4r2s3o,1.145537
t3_c3_4r2s3o,1.141440
t3_c3_4r31s2o,1.913115
t3_c3_4r31s2o,1.798928
t3_c3_4r31s2o,2.278651
t3_c3_4r31s2o,2.634434
t3_c3_4r31s2o,1.823620
t3_c3_4r31s2o,1.785747
t3_c3_4r31s2o,2.393133
t3_c3_4r31s2o,2.514831
t3_c3_4r31s2o,1.782380
t3_c3_4r31s2o,1.812561
t3_c3_4r3s1o,0.970665
t3_c3_4r3s1o,1.113035
t3_c3_4r3s1o,1.125051
t3_c3_4r3s1o,1.136909
t3_c3_4r3s1o,0.745848
t3_c3_4r3s1o,0.731912
t3_c3_4r3s1o,0.730186
t3_c3_4r3s1o,0.716933
t3_c3_4r3s1o,0.906723
t3_c3_4r3s1o,0.911660
t3_c3_4r3s2o,1.113202
t3_c3_4r3s2o,1.115445
t3_c3_4r3s2o,1.108229
t3_c3_4r3s2o,0.818682
t3_c3_4r3s2o,0.707968
t3_c3_4r3s2o,0.882023
t3_c3_4r3s2o,0.727270
t3_c3_4r3s2o,0.756960
t3_c3_4r3s2o,0.818510
t3_c3_4r3s2o,1.099542
t3_c3_4r4s1o,1.130591
t3_c3_4r4s1o,1.125199
t3_c3_4r4s1o,0.915066
t3_c3_4r4s1o,0.734754
t3_c3_4r4s1o,0.903920
t3_c3_4r4s1o,0.732185
t3_c3_4r4s1o,0.743463
t3_c3_4r4s1o,0.768882
t3_c3_4r4s1o,1.129540
t3_c3_4r4s1o,1.114277
t3_c3_4r4s2o,1.107962
t3_c3_4r4s2o,0.968276
t3_c3_4r4s2o,0.877745
t3_c3_4r4s2o,0.687446
t3_c3_4r4s2o,0.880187
t3_c3_4r4s2o,0.724618
t3_c3_4r4s2o,0.722205
t3_c3_4r4s2o,1.109761
t3_c3_4r4s2o,1.110604
t3_c3_4r4s2o,1.108411
t3_c3_4r4s3o,1.007135
t3_c3_4r4s3o,0.718527
t3_c3_4r4s3o,0.723677
t3_c3_4r4s3o,0.891896
t3_c3_4r4s3o,0.748445
t3_c3_4r4s3o,0.698098
t3_c3_4r4s3o,1.078986
t3_c3_4r4s3o,1.125107
t3_c3_4r4s3o,1.151290
t3_c3_4r4s3o,1.072284
t3_c3_4r7s1o,1.142796
t3_c3_4r7s1o,1.185384
t3_c3_4r7s1o,1.237807
t3_c3_4r7s1o,1.543482
t3_c3_4r7s1o,1.817635
t3_c3_4r7s1o,1.611635
t3_c3_4r7s1o,1.198284
t3_c3_4r7s1o,1.226876
t3_c3_4r7s1o,1.233516
t3_c3_4r7s1o,1.767693
t3_c3_4r7s2o,1.131123
t3_c3_4r7s2o,1.103530
t3_c3_4r7s2o,0.819001
t3_c3_4r7s2o,0.686814
t3_c3_4r7s2o,0.694763
t3_c3_4r7s2o,0.712460
t3_c3_4r7s2o,0.721139
t3_c3_4r7s2o,0.718875
t3_c3_4r7s2o,1.091320
t3_c3_4r7s2o,1.100453
t3_c3_4r8s1o,2.462538
t3_c3_4r8s1o,1.819130
t3_c3_4r8s1o,1.804930
t3_c3_4r8s1o,2.647725
t3_c3_4r8s1o,2.327980
t3_c3_4r8s1o,1.793461
t3_c3_4r8s1o,1.955606
t3_c3_4r8s1o,2.673546
t3_c3_4r8s1o,2.189645
t3_c3_4r8s1o,2.263048
t3_c3_4r8s1operm,2.268688
t3_c3_4r8s1operm,2.664162
t3_c3_4r8s1operm,2.226584
t3_c3_4r8s1operm,1.790018
t3_c3_4r8s1operm,2.580872
t3_c3_4r8s1operm,2.347900
t3_c3_4r8s1operm,1.832645
t3_c3_4r8s1operm,1.910842
t3_c3_4r8s1operm,2.678009
t3_c3_4r8s1operm,2.459153
t3_c3_4r8s1operm2,1.805060
t3_c3_4r8s1operm2,2.126641
t3_c3_4r8s1operm2,2.697798
t3_c3_4r8s1operm2,1.959558
t3_c3_4r8s1operm2,1.806657
t3_c3_4r8s1operm2,2.237796
t3_c3_4r8s1operm2,2.694596
t3_c3_4r8s1operm2,2.716841
t3_c3_4r8s1operm2,2.674884
t3_c3_4r8s1operm2,2.677988
t3_c3_4r8s2o,0.805234
t3_c3_4r8s2o,0.705276
t3_c3_4r8s2o,0.716761
t3_c3_4r8s2o,0.722216
t3_c3_4r8s2o,0.710461
t3_c3_4r8s2o,0.747777
t3_c3_4r8s2o,1.103969
t3_c3_4r8s2o,1.120321
t3_c3_4r8s2o,1.120756
t3_c3_4r8s2o,1.028348
t3_c3_4r8s3o,0.704414
t3_c3_4r8s3o,0.716456
t3_c3_4r8s3o,0.729030
t3_c3_4r8s3o,0.695476
t3_c3_4r8s3o,0.725353
t3_c3_4r8s3o,0.916954
t3_c3_4r8s3o,1.114413
t3_c3_4r8s3o,1.125252
t3_c3_4r8s3o,1.137963
t3_c3_4r8s3o,1.127220
t3_c3_5r15s2o,4.123953
t3_c3_5r15s2o,2.911668
t3_c3_5r15s2o,4.119661
t3_c3_5r15s2o,3.172580
t3_c3_5r15s2o,3.599237
t3_c3_5r15s2o,3.558424
t3_c3_5r15s2o,3.196513
t3_c3_5r15s2o,4.048775
t3_c3_5r15s2o,3.593940
t3_c3_5r15s2o,4.262513
t3_c3_5r16s1o,3.042304
t3_c3_5r16s1o,3.817815
t3_c3_5r16s1o,3.409533
t3_c3_5r16s1o,3.425944
t3_c3_5r16s1o,3.913073
t3_c3_5r16s1o,2.949572
t3_c3_5r16s1o,4.281953
t3_c3_5r16s1o,3.001952
t3_c3_5r16s1o,3.771690
t3_c3_5r16s1o,3.502691
t3_c3_5r16s2o,3.325268
t3_c3_5r16s2o,4.103604
t3_c3_5r16s2o,3.642914
t3_c3_5r16s2o,2.998392
t3_c3_5r16s2o,4.002588
t3_c3_5r16s2o,3.233597
t3_c3_5r16s2o,3.639125
t3_c3_5r16s2o,3.399352
t3_c3_5r16s2o,3.826390
t3_c3_5r16s2o,2.991618
t3_c3_5r2s1o,1.071828
t3_c3_5r2s1o,1.113722
t3_c3_5r2s1o,1.141308
t3_c3_5r2s1o,1.058410
t3_c3_5r2s1o,0.713272
t3_c3_5r2s1o,0.697866
t3_c3_5r2s1o,0.729819
t3_c3_5r2s1o,0.722871
t3_c3_5r2s1o,0.705776
t3_c3_5r2s1o,0.840334
t3_c3_5r2s2o,1.116543
t3_c3_5r2s2o,1.119529
t3_c3_5r2s2o,1.130587
t3_c3_5r2s2o,0.862676
t3_c3_5r2s2o,0.697408
t3_c3_5r2s2o,0.725498
t3_c3_5r2s2o,0.710093
t3_c3_5r2s2o,0.727217
t3_c3_5r2s2o,0.743022
t3_c3_5r2s2o,1.071202
t3_c3_5r2s3o,1.144794
t3_c3_5r2s3o,1.143615
t3_c3_5r2s3o,1.032363
t3_c3_5r2s3o,0.723921
t3_c3_5r2s3o,0.722723
t3_c3_5r2s3o,0.702792
t3_c3_5r2s3o,0.754224
t3_c3_5r2s3o,0.724631
t3_c3_5r2s3o,0.935195
t3_c3_5r2s3o,1.138052
t3_c3_5r2s4o,1.120597
t3_c3_5r2s4o,1.150225
t3_c3_5r2s4o,0.762666
t3_c3_5r2s4o,0.725859
t3_c3_5r2s4o,0.694905
t3_c3_5r2s4o,0.724905
t3_c3_5r2s4o,0.738657
t3_c3_5r2s4o,0.697510
t3_c3_5r2s4o,1.127940
t3_c3_5r2s4o,1.128875
t3_c3_5r3s1o,1.124327
t3_c3_5r3s1o,0.989346
t3_c3_5r3s1o,0.725662
t3_c3_5r3s1o,0.696066
t3_c3_5r3s1o,0.725086
t3_c3_5r3s1o,0.732819
t3_c3_5r3s1o,0.746299
t3_c3_5r3s1o,0.994585
t3_c3_5r3s1o,1.131430
t3_c3_5r3s1o,1.113872
t3_c3_5r3s2o,1.133662
t3_c3_5r3s2o,0.737637
t3_c3_5r3s2o,0.695182
t3_c3_5r3s2o,0.707133
t3_c3_5r3s2o,0.735607
t3_c3_5r3s2o,0.733960
t3_c3_5r3s2o,0.764044
t3_c3_5r3s2o,1.127040
t3_c3_5r3s2o,1.144871
t3_c3_5r3s2o,1.116934
t3_c3_5r3s3o,0.937473
t3_c3_5r3s3o,0.726949
t3_c3_5r3s3o,0.695209
t3_c3_5r3s3o,0.744652
t3_c3_5r3s3o,0.740844
t3_c3_5r3s3o,0.741271
t3_c3_5r3s3o,1.037282
t3_c3_5r3s3o,1.116762
t3_c3_5r3s3o,1.120213
t3_c3_5r3s3o,1.090459
t3_c3_5r3s4o,0.700568
t3_c3_5r3s4o,0.702551
t3_c3_5r3s4o,0.739391
t3_c3_5r3s4o,0.740631
t3_c3_5r3s4o,0.706793
t3_c3_5r3s4o,0.905472
t3_c3_5r3s4o,0.717947
t3_c3_5r3s4o,0.728119
t3_c3_5r3s4o,0.740807
t3_c3_5r3s4o,0.726963
t3_c3_5r4s1o,1.104212
t3_c3_5r4s1o,1.520336
t3_c3_5r4s1o,1.499218
t3_c3_5r4s1o,1.289590
t3_c3_5r4s1o,1.007295
t3_c3_5r4s1o,0.981447
t3_c3_5r4s1o,1.018998
t3_c3_5r4s1o,1.151090
t3_c3_5r4s1o,1.495609
t3_c3_5r4s1o,1.510053
t3_c3_5r4s1ostride,1.023241
t3_c3_5r4s1ostride,0.743783
t3_c3_5r4s1ostride,0.740816
t3_c3_5r4s1ostride,0.735923
t3_c3_5r4s1ostride,0.930748
t3_c3_5r4s1ostride,0.748460
t3_c3_5r4s1ostride,1.129731
t3_c3_5r4s1ostride,1.127862
t3_c3_5r4s1ostride,1.125431
t3_c3_5r4s1ostride,0.950531
t3_c3_5r4s2o,0.725759
t3_c3_5r4s2o,0.744637
t3_c3_5r4s2o,0.742022
t3_c3_5r4s2o,0.744403
t3_c3_5r4s2o,0.699501
t3_c3_5r4s2o,1.026722
t3_c3_5r4s2o,1.127828
t3_c3_5r4s2o,1.130194
t3_c3_5r4s2o,1.094406
t3_c3_5r4s2o,0.889821
t3_c3_5r4s2operm,0.739744
t3_c3_5r4s2operm,0.922843
t3_c3_5r4s2operm,0.736639
t3_c3_5r4s2operm,0.721616
t3_c3_5r4s2operm,1.100903
t3_c3_5r4s2operm,1.127567
t3_c3_5r4s2operm,1.118188
t3_c3_5r4s2operm,1.047107
t3_c3_5r4s2operm,0.726701
t3_c3_5r4s2operm,0.696935
t3_c3_5r4s3o,0.742746
t3_c3_5r4s3o,0.699525
t3_c3_5r4s3o,0.728781
t3_c3_5r4s3o,0.907323
t3_c3_5r4s3o,0.734357
t3_c3_5r4s3o,0.722847
t3_c3_5r4s3o,0.742052
t3_c3_5r4s3o,0.936918
t3_c3_5r4s3o,0.877477
t3_c3_5r4s3o,1.118746
t3_c3_5r4s4o,1.129869
t3_c3_5r4s4o,1.145654
t3_c3_5r4s4o,0.844366
t3_c3_5r4s4o,0.731940
t3_c3_5r4s4o,0.695644
t3_c3_5r4s4o,0.752059
t3_c3_5r4s4o,0.828966
t3_c3_5r4s4o,0.913730
t3_c3_5r4s4o,0.740375
t3_c3_5r4s4o,0.734887
t3_c3_5r7s2o,1.229607
t3_c3_5r7s2o,1.262245
t3_c3_5r7s2o,1.811195
t3_c3_5r7s2o,1.822916
t3_c3_5r7s2o,1.350007
t3_c3_5r7s2o,1.150475
t3_c3_5r7s2o,1.228068
t3_c3_5r7s2o,1.380265
t3_c3_5r7s2o,1.835404
t3_c3_5r7s2o,1.817046
t3_c3_5r8s1o,1.861347
t3_c3_5r8s1o,1.987108
t3_c3_5r8s1o,2.731534
t3_c3_5r8s1o,2.461251
t3_c3_5r8s1o,1.985965
t3_c3_5r8s1o,2.191433
t3_c3_5r8s1o,2.848045
t3_c3_5r8s1o,2.097362
t3_c3_5r8s1o,1.964429
t3_c3_5r8s1o,2.548011
t3_c3_5r8s2o,2.622585
t3_c3_5r8s2o,1.906941
t3_c3_5r8s2o,2.018273
t3_c3_5r8s2o,2.874576
t3_c3_5r8s2o,2.284340
t3_c3_5r8s2o,1.930830
t3_c3_5r8s2o,2.377200
t3_c3_5r8s2o,2.836772
t3_c3_5r8s2o,1.964004
t3_c3_5r8s2o,1.867041
t3_c3_5r8s3o,1.222169
t3_c3_5r8s3o,1.337819
t3_c3_5r8s3o,1.337212
t3_c3_5r8s3o,1.155147
t3_c3_5r8s3o,1.079658
t3_c3_5r8s3o,1.084152
t3_c3_5r8s3o,0.860864
t3_c3_5r8s3o,1.084257
t3_c3_5r8s3o,1.330977
t3_c3_5r8s3o,1.328098
t3_c3_5r8s4o,1.163609
t3_c3_5r8s4o,0.857014
t3_c3_5r8s4o,0.860499
t3_c3_5r8s4o,0.868064
t3_c3_5r8s4o,0.865156
t3_c3_5r8s4o,1.132208
t3_c3_5r8s4o,1.346498
t3_c3_5r8s4o,1.335480
t3_c3_5r8s4o,1.118645
t3_c3_5r8s4o,0.827182
t3_c3_6r15s3o,1.821220
t3_c3_6r15s3o,2.151968
t3_c3_6r15s3o,2.670006
t3_c3_6r15s3o,1.925505
t3_c3_6r15s3o,1.786042
t3_c3_6r15s3o,2.216440
t3_c3_6r15s3o,2.682207
t3_c3_6r15s3o,1.802294
t3_c3_6r15s3o,1.785443
t3_c3_6r15s3o,2.302650
t3_c3_6r16s5o,2.638495
t3_c3_6r16s5o,1.795170
t3_c3_6r16s5o,1.812231
t3_c3_6r16s5o,2.484852
t3_c3_6r16s5o,2.468031
t3_c3_6r16s5o,2.236349
t3_c3_6r16s5o,1.983018
t3_c3_6r16s5o,2.694002
t3_c3_6r16s5o,2.255801
t3_c3_6r16s5o,1.731865
t3_c3_6r2s1o,0.711369
t3_c3_6r2s1o,0.909905
t3_c3_6r2s1o,1.116660
t3_c3_6r2s1o,1.126958
t3_c3_6r2s1o,1.129753
t3_c3_6r2s1o,0.818847
t3_c3_6r2s1o,0.693587
t3_c3_6r2s1o,0.733299
t3_c3_6r2s1o,0.728612
t3_c3_6r2s1o,0.904989
t3_c3_6r2s2o,0.812111
t3_c3_6r2s2o,1.143167
t3_c3_6r2s2o,1.143255
t3_c3_6r2s2o,1.142903
t3_c3_6r2s2o,0.882010
t3_c3_6r2s2o,0.904902
t3_c3_6r2s2o,0.917897
t3_c3_6r2s2o,0.715864
t3_c3_6r2s2o,0.741978
t3_c3_6r2s2o,0.916393
t3_c3_6r2s3o,0.692093
t3_c3_6r2s3o,0.731643
t3_c3_6r2s3o,0.902782
t3_c3_6r2s3o,0.914167
t3_c3_6r2s3o,0.894669
t3_c3_6r2s3o,1.111911
t3_c3_6r2s3o,1.128340
t3_c3_6r2s3o,1.116397
t3_c3_6r2s3o,0.928571
t3_c3_6r2s3o,0.895010
t3_c3_6r2s5o,0.714667
t3_c3_6r2s5o,0.726317
t3_c3_6r2s5o,0.903345
t3_c3_6r2s5o,0.929281
t3_c3_6r2s5o,1.125263
t3_c3_6r2s5o,1.134968
t3_c3_6r2s5o,1.141354
t3_c3_6r2s5o,0.755917
t3_c3_6r2s5o,0.717497
t3_c3_6r2s5o,0.895592
t3_c3_6r3s1o,0.996874
t3_c3_6r3s1o,0.979344
t3_c3_6r3s1o,1.464621
t3_c3_6r3s1o,1.483149
t3_c3_6r3s1o,1.376168
t3_c3_6r3s1o,0.927066
t3_c3_6r3s1o,1.188376
t3_c3_6r3s1o,0.931071
t3_c3_6r3s1o,1.006194
t3_c3_6r3s1o,1.469600
t3_c3_6r3s2o,1.155692
t3_c3_6r3s2o,1.129957
t3_c3_6r3s2o,0.930231
t3_c3_6r3s2o,0.736913
t3_c3_6r3s2o,0.700555
t3_c3_6r3s2o,0.899904
t3_c3_6r3s2o,0.748797
t3_c3_6r3s2o,0.913842
t3_c3_6r3s2o,0.737282
t3_c3_6r3s2o,0.914407
t3_c3_6r3s3o,0.690947
t3_c3_6r3s3o,0.712998
t3_c3_6r3s3o,0.793025
t3_c3_6r3s3o,1.100110
t3_c3_6r3s3o,1.115850
t3_c3_6r3s3o,1.112923
t3_c3_6r3s3o,0.914778
t3_c3_6r3s3o,0.726501
t3_c3_6r3s3o,0.711940
t3_c3_6r3s3o,0.728070
t3_c3_6r4s1o,1.932273
t3_c3_6r4s1o,2.691171
t3_c3_6r4s1o,2.206484
t3_c3_6r4s1o,1.808019
t3_c3_6r4s1o,2.139183
t3_c3_6r4s1o,2.693088
t3_c3_6r4s1o,1.975787
t3_c3_6r4s1o,1.821786
t3_c3_6r4s1o,2.235660
t3_c3_6r4s1o,2.707793
t3_c3_6r4s2o,1.258000
t3_c3_6r4s2o,0.978261
t3_c3_6r4s2o,1.237712
t3_c3_6r4s2o,1.079827
t3_c3_6r4s2o,1.512080
t3_c3_6r4s2o,1.501490
t3_c3_6r4s2o,1.311880
t3_c3_6r4s2o,0.987070
t3_c3_6r4s2o,0.993870
t3_c3_6r4s2o,0.953748
t3_c3_6r4s2ostride,2.276054
t3_c3_6r4s2ostride,2.666922
t3_c3_6r4s2ostride,1.842261
t3_c3_6r4s2ostride,1.796365
t3_c3_6r4s2ostride,2.368416
t3_c3_6r4s2ostride,2.572438
t3_c3_6r4s2ostride,1.814840
t3_c3_6r4s2ostride,2.272345
t3_c3_6r4s2ostride,1.869926
t3_c3_6r4s2ostride,1.747629
t3_c3_6r4s3o,0.936422
t3_c3_6r4s3o,1.129265
t3_c3_6r4s3o,1.132190
t3_c3_6r4s3o,1.112537
t3_c3_6r4s3o,0.903503
t3_c3_6r4s3o,0.706538
t3_c3_6r4s3o,0.697225
t3_c3_6r4s3o,0.709426
t3_c3_6r4s3o,0.706948
t3_c3_6r4s3o,0.783308
t3_c3_6r4s5o,1.144268
t3_c3_6r4s5o,1.144804
t3_c3_6r4s5o,1.150193
t3_c3_6r4s5o,0.923560
t3_c3_6r4s5o,0.739402
t3_c3_6r4s5o,0.718143
t3_c3_6r4s5o,0.736481
t3_c3_6r4s5o,0.707476
t3_c3_6r4s5o,0.704320
t3_c3_6r4s5o,1.046525
t3_c3_6r5s1o,2.713630
t3_c3_6r5s1o,2.374996
t3_c3_6r5s1o,1.867507
t3_c3_6r5s1o,2.263519
t3_c3_6r5s1o,2.299141
t3_c3_6r5s1o,1.847214
t3_c3_6r5s1o,1.765133
t3_c3_6r5s1o,2.387126
t3_c3_6r5s1o,2.561706
t3_c3_6r5s1o,1.808159
t3_c3_6r5s2o,1.752193
t3_c3_6r5s2o,2.499138
t3_c3_6r5s2o,2.459355
t3_c3_6r5s2o,2.199903
t3_c3_6r5s2o,1.998740
t3_c3_6r5s2o,2.712583
t3_c3_6r5s2o,2.137419
t3_c3_6r5s2o,1.799217
t3_c3_6r5s2o,2.074181
t3_c3_6r5s2o,2.684341
t3_c3_6r5s3o,0.888693
t3_c3_6r5s3o,0.728257
t3_c3_6r5s3o,0.715152
t3_c3_6r5s3o,0.735230
t3_c3_6r5s3o,0.781678
t3_c3_6r5s3o,0.727482
t3_c3_6r5s3o,1.085266
t3_c3_6r5s3o,1.102301
t3_c3_6r5s3o,1.104724
t3_c3_6r5s3o,1.045040
t3_c3_6r7s3o,1.296361
t3_c3_6r7s3o,1.209896
t3_c3_6r7s3o,1.206303
t3_c3_6r7s3o,1.636699
t3_c3_6r7s3o,1.789502
t3_c3_6r7s3o,1.579381
t3_c3_6r7s3o,1.482803
t3_c3_6r7s3o,1.193398
t3_c3_6r7s3o,1.250411
t3_c3_6r7s3o,1.793669
t3_c3_6r8s2o,3.784403
t3_c3_6r8s2o,3.629370
t3_c3_6r8s2o,3.032951
t3_c3_6r8s2o,4.276535
t3_c3_6r8s2o,3.035452
t3_c3_6r8s2o,3.869708
t3_c3_6r8s2o,3.842852
t3_c3_6r8s2o,3.572024
t3_c3_6r8s2o,3.688493
t3_c3_6r8s2o,3.631564
t3_c3_6r8s3o,1.769857
t3_c3_6r8s3o,2.223514
t3_c3_6r8s3o,1.787073
t3_c3_6r8s3o,2.005547
t3_c3_6r8s3o,2.676988
t3_c3_6r8s3o,2.369106
t3_c3_6r8s3o,1.838627
t3_c3_6r8s3o,2.225534
t3_c3_6r8s3o,2.665000
t3_c3_6r8s3o,1.789158
t3_c3_6r8s5o,1.802817
t3_c3_6r8s5o,2.301973
t3_c3_6r8s5o,2.581768
t3_c3_6r8s5o,2.210869
t3_c3_6r8s5o,1.723559
t3_c3_6r8s5o,2.639388
t3_c3_6r8s5o,2.353589
t3_c3_6r8s5o,1.785972
t3_c3_6r8s5o,1.985998
t3_c3_6r8s5o,2.693628
t3_c3_7r4s6o,1.106046
t3_c3_7r4s6o,0.716091
t3_c3_7r4s6o,0.733409
t3_c3_7r4s6o,0.724754
t3_c3_7r4s6o,0.733647
t3_c3_7r4s6o,0.907604
t3_c3_7r4s6o,0.971631
t3_c3_7r4s6o,1.119066
t3_c3_7r4s6o,1.129242
t3_c3_7r4s6o,1.143560
t3_c3_8r2s7o,0.737910
t3_c3_8r2s7o,0.696487
t3_c3_8r2s7o,0.711806
t3_c3_8r2s7o,0.896508
t3_c3_8r2s7o,0.727695
t3_c3_8r2s7o,0.910228
t3_c3_8r2s7o,1.140011
t3_c3_8r2s7o,1.141038
t3_c3_8r2s7o,1.126329
t3_c3_8r2s7o,0.821861
t3_c3_8r4s7o,0.976542
t3_c3_8r4s7o,1.024664
t3_c3_8r4s7o,0.992113
t3_c3_8r4s7o,1.195479
t3_c3_8r4s7o,1.524208
t3_c3_8r4s7o,1.527334
t3_c3_8r4s7o,1.173399
t3_c3_8r4s7o,1.018117
t3_c3_8r4s7o,1.018199
t3_c3_8r4s7o,0.993603
t3_c3_8r8s7o,2.449684
t3_c3_8r8s7o,2.530573
t3_c3_8r8s7o,1.731168
t3_c3_8r8s7o,1.787204
t3_c3_8r8s7o,2.566908
t3_c3_8r8s7o,2.374880
t3_c3_8r8s7o,2.227760
t3_c3_8r8s7o,2.019835
t3_c3_8r8s7o,2.699098
t3_c3_8r8s7o,2.104143
t3_c3_rect0,2.047640
t3_c3_rect0,2.653080
t3_c3_rect0,2.806105
t3_c3_rect0,2.040806
t3_c3_rect0,2.304975
t3_c3_rect0,3.051796
t3_c3_rect0,2.221324
t3_c3_rect0,2.070754
t3_c3_rect0,2.971821
t3_c3_rect0,2.518762
t3_c3_rect1,2.105263
t3_c3_rect1,2.623138
t3_c3_rect1,2.873027
t3_c3_rect1,2.022407
t3_c3_rect1,2.285178
t3_c3_rect1,3.055064
t3_c3_rect1,2.225911
t3_c3_rect1,2.123280
t3_c3_rect1,2.883247
t3_c3_rect1,2.839646
